Author,Rating,Title,Content,Version,Date
alyachalum,1,VERIFIKASI WAJAH GAGAL,Verifikasi wajahnya ga berhasil. Tolong ini diusut deh bikin aplikasi bukannya memudahkan malah menyusahkan. Udah banyak yang komplain loh udah berbulan2 jg gaada perubahan,4.13.1,2025-08-19T10:39:39-07:00
Astaghfirullah susahnyaaaaaaa,1,Komplen,"Ini kenapa ya min buat daftar aja susah banget, waktu perekaman wajah lama banget padahal muka polos an ngga ada aksesoris apapun tapi ditungguin sampe 1 menitan ngga bisa‚Äù. Apa mukaku tidak terdeteksi?!",4.13.1,2025-08-19T08:21:53-07:00
leysssssssss,1,niat mempermudah tpi jadi mempersulit,"kode otp muncul harus isi pulsa, itupun kadang mau kdg tdk. setiap login cek antrean harus verifikasi wajah, tp mirror posisi bener tp gada hasilnya ttp gabisa login.",4.13.1,2025-08-19T08:02:21-07:00
tigaputra,1,Verif Muka error!,Update dong gimana ini ga bisa ganti faskes,4.13.1,2025-08-19T07:53:48-07:00
Yusron Bastian,1,APLIKASI TOLOL,"Mau rekam wajah. Pas buka kamera gak ada tombol take picture lah, trus rekam wajahnya pake apa? Yg bikin aplikasi kek KONTOOOLL",4.13.1,2025-08-19T07:36:23-07:00
Yustisi daeli,5,Ulasan,Pelayanan pendaftaran online berjalan lancar dan baik.,4.13.1,2025-08-19T07:34:40-07:00
Tyyysonn,1,Aplikasi kont,"Aplikasi taikkk !!! Katanya memudahkan masyarakat tapi verifikasi nya susah kayak daftar polisi,, eh iya sama sama dari pemerintah ya ,, kecewa hidup sekali menjadi WNI",4.13.1,2025-08-19T06:44:52-07:00
pasya11,2,login,kenapa susah sekali mendaftar,4.13.1,2025-08-19T06:25:16-07:00
Pemerintah aneh,1,Aplikasi gak jelas,"Setiap pemerintah buat aplikasi pasti gak pernah beresüòÄorang mau berobat pun di persulitttt, rakyat indo bakal masuk surga lewat jalur pemerintah zolim",4.13.1,2025-08-19T05:10:39-07:00
acisviuuu,1,APLIKASI GBLOKK,gblokkkkk,4.13.1,2025-08-19T04:29:00-07:00
haaazyy,1,Tidak Bisa Daftar,"Gak bisa daftar, tiap scan/verif wajah bener2 gabisa ngedetect apa-apa. stuck disitu mulu. salah gw apa",4.13.1,2025-08-19T04:13:02-07:00
Spicyxxxxxx7,1,Dengarin kritik semua org min,Min gimana sih ini aplikasi nya org lagi sakit mau rujuk daftar nya gak bisa di bagian cocokan muka gimana sih???,4.13.1,2025-08-19T00:19:15-07:00
edgarrrrp,1,jelek banget,verif muka gabisa bisa,4.13.1,2025-08-18T23:39:44-07:00
dicky arianda,1,APLIKASI PALING TOLOL DI DUNIA,"Verifikasi wajah tidak bisa , kamera hidup tapi tidak bisa verifikasi malah diam di kamera aja tanpa ada reaksi apapun, tolol yang buat ini",4.13.1,2025-08-18T23:36:32-07:00
yg bikin apk jelek,1,apk tolol,daftar verivikasi wajah ga bisa bisaa udah di tempat terang udah depan lampu tetep bingkai nya merah tolol,4.13.1,2025-08-18T23:18:35-07:00
goperter0r,1,Gagal Pindai Wajah,"aplikasi aneh,masa stuck di pemindaian wajah mulu gak pindah pindah,ini ngerti gaksih yg buat aplikasi",4.13.1,2025-08-18T22:12:04-07:00
Iwodhhd,1,Not work,"Buat pendataran nya aja gk jelas saat verifikasi wajah. Petunjuk cuma wajah harus di dalam kotak saja, petunjuk harus sesuai dengan kriteria yg di inginkan. Intinya mempersulit untuk mengakses banyaj hal.",4.13.1,2025-08-18T21:15:04-07:00
User Kuliahan,1,Tidak bisa verifikasi wajah,"Diawal udah dibuat kesel sama nih aplikasi, udah mau daftar trus pas sesi verifikasi wajah malah gaada respon, udah cocokin wajah di kotaknya masih ga keproses, sampe geleng"" sampe melet"" pun masih tetep gabisa, trus maunya apa???",4.13.1,2025-08-18T20:09:10-07:00
tsinjal,1,Bug,Face recognition didn‚Äôt work when you‚Äôre going to register,4.13.1,2025-08-18T19:02:08-07:00
idosodo,1,aneh,"aneh bgt ga bisa daftar antrean,ga muncul‚Äù,surat rujukan tidak ada pdahl surat rujukan masih aktif.",4.13.1,2025-08-18T18:34:05-07:00
Nama 1 Panggilan,1,Useless,"Kode captha loading terus, Sekelas Apk plat merah seperti ini buruk nya, kurang kredibel.",4.13.1,2025-08-18T18:09:43-07:00
bintangtang,1,Scan wajah tidak berguna,"Tolong banyak belajar dari Aplikasi pihak Swasta, dari segi kualitas aplikasi jauh dari yang diharapkan, malah mempersulit pengguna",4.13.1,2025-08-18T17:14:23-07:00
nadyoon,3,"agak kecewa, ga bisa dftr online",gak bisa verifikasi wajah,4.13.1,2025-08-18T16:55:43-07:00
JKN TOLOlllll,1,APLIKASI TOLOL KAMERA RUSAK,"KAMERANYA KENAPA SIH GOBLOK, UDAH TAMPILIN MUKA MASIH AJA GK KE DETECT",4.13.1,2025-08-18T07:25:08-07:00
ZanAzh,1,Error ketika verifikasi wajah,Aplikasi selalu error ketika verifikasi wajah ketika daftar. Sangat sulit untuk pengurusannya,4.13.1,2025-08-18T06:34:52-07:00
nope_bb,1,WORST,"Gajelas, verifikasi wajah ga berfungsi. apa-apa gabisa",4.13.1,2025-08-18T05:21:22-07:00
Wiekaa,1,Tidak bisa verifikasi,"Selalu gagal ditahap verifikasi wajah, padahal posisi sudah di dalam kotak yang ditentukan",4.13.1,2025-08-18T04:52:33-07:00
bbbilzz,2,verifikasi wajah,mau daftar aja susah banget verifikasi wajahnya padahal udah dipasin di kotak tetep merah terus gabisa dilewati juga.. tolong diperbaiki deh,4.13.1,2025-08-18T04:25:21-07:00
kurang1,1,Tolong di Perbaiki Lagi,Beginikah kualitas aplikasi untuk kesehatan? Vermuk bekali kali ga ada yang nyantol.,4.13.1,2025-08-17T21:22:15-07:00
Korbanham,1,face verification,aaahhh aplikasi tolol. verifikasi wajah sampe 5 jam ga bsa.,4.13.1,2025-08-17T20:46:53-07:00
Foxynne,2,perekaman wajah gak berfungsi,mau ganti faskes secara online tapi buat proses perekaman wajah gak berfungsi,4.13.1,2025-08-17T19:10:46-07:00
Tonycahya,1,Foto verifikasi wajah nya gak mau‚Äù,Foto verifikasinya wajah gak mau‚Äù,4.13.1,2025-08-17T18:33:09-07:00
ApkSampahh,1,Aplikasi Gajelas,"aplikasi sampah verifikasi wajah ga bisa2, bikin apk yg jelas lah jgn asal2an bikin apk sampah kaya gini",4.13.1,2025-08-17T18:00:05-07:00
siikntol,1,APLIKASI SAMPAHHH,NAJIS BAT ANJING,4.13.1,2025-08-17T07:25:58-07:00
meiiiiiiiiihdgurx,1,verifikasi,verifikasi wajahnya udh di coba beberapa kali ga bisa trs,4.13.1,2025-08-17T05:36:32-07:00
JkN kont,1,Jkn kon,"Bikin aplikasi yang bener bukannya memudahkan masyarakat tapi menyusahkan masyarakat, otaknya cuman mikirin uang aja mempersulit rakyat aja..",4.13.1,2025-08-17T05:32:53-07:00
jKN oke,5,Cukup bagus,Cukup bagus,4.13.1,2025-08-17T04:03:19-07:00
mmkjnda,2,mau daftar ga bisa,kenapa fitur kamera nya ga bisa,4.13.1,2025-08-17T03:45:34-07:00
orang lagi nanya,4,butuh jawaban,kenapa setiap mau daftar pas udh bagian muka selalu gabisa???,4.13.1,2025-08-17T03:12:24-07:00
bekowok,1,verifikasi wajah gabisa ke detect,padahal udah deket sama kamera tetep aja gabisa,4.13.1,2025-08-16T23:50:10-07:00
Jimmy crypto,1,TIDAK BISA DAFTAR VERIF WAJAH,"Aplikasi tol*l mau daftar verif wajah aja gabisa-bisa, gimana mau daftarnya tol*l, gabisa buat aplikasi ya gblk, uninstal kasi bintang 1 aplikasi tllol ini",4.13.1,2025-08-16T22:20:47-07:00
langitmerahjambu,1,URGENT,Tolong perbaiki bug face recognition di bagian pendaftaran,4.13.1,2025-08-16T21:59:16-07:00
Zln17,2,App yg tidak memudahkan,"Mau dftr aja susah ny mintaammpuunn yatuhan. Udh ku ssuaikan tata letak wajah di dlm frame, TAPI GA MULAI2 di SCAN. Gda tmbol, gada tanda ap2 . Buriiiqq

App indo smua gada yg beres mmg",4.13.1,2025-08-16T20:43:55-07:00
Bala2@‚Äú,1,Wajah tidak terdeteksi,Mau identifikasi wajah aja susahhh. Udah berjam-jam wajah saya tidak terdeteksi padahal kamera hp saya jernir pakai IP 13,4.13.1,2025-08-16T20:36:43-07:00
pedju_sensation,1,VERIFIKASI WAJAH TIDAK BERFUNGSI,"APLIKASI PAYAH, GAK BERMUTU SAMA SEPERTI E-KTP TP APA2 MASIH MINTA FOTOCOPY KTP. PROJEK GAK BERMUTU ALA PEMERINTAH INDONESIA.",4.13.1,2025-08-16T08:23:19-07:00
alalal.ha,1,Bugs,"Tidak bisa daftar, stuck pada saat verifikasi wajah.",4.13.1,2025-08-16T07:29:43-07:00
Neo Li 05,1,Hmm,Biar apa pake frista frista sengaja nih biar gabisa daftar online ntah agenda apa yg sedang dijalankan,4.13.1,2025-08-16T06:56:38-07:00
cacacaccio,1,"Aplikasi aneh, baru mau mulai aja udah gabisa. lol","Aplikasi aneh, baru mau mulai aja udah gabisa. lol",4.13.1,2025-08-16T00:24:25-07:00
pengguna XL 5tahun,2,lemot,dibagian peremakan wajah lama banget,4.13.1,2025-08-15T23:55:09-07:00
Haikall1114,1,Aplikasi sampah,"Aplikasi sampah mempersulit , verifikasi wajah aja gabisa gini amat tinggal di Indo",4.13.1,2025-08-15T22:25:30-07:00
khoirur rahamn wahid,2,vermuk,ini kenapa kok vermuk gak bisaa yaa saat daftar baru,4.13.1,2025-08-15T21:25:52-07:00
daniel.cube,1,Aplikasi sampah,"Kebanyakan makan gaji buta
Aplikasi tidak berjalan sesuai sop",4.13.1,2025-08-15T20:54:16-07:00
Bhisma yang agung,1,Layanan kurang profesional,Kenapa waktu mau daftar akun tidak bisa deteksi wajah? menyusahkan,4.13.1,2025-08-15T20:27:04-07:00
Zaqy richadi,2,Tidak bisa face recognition,"Ini saat daftar kenapa aplikasi tidak merespon saat face recognition, pengaturan kamera tidak ada kendala.. apa ada update aplikasi???",4.13.1,2025-08-15T19:49:32-07:00
Deakkkkkkk,2,Masukan,"Jika Verifikasi wajah belum stabil harusnya jangan di munculkan, diterbaiki dulu jika sudah akurat baru di luncurkan
Untuk saat ini verifikasi wajah sangat menyusahkan/mempersulit dan membuang waktu",4.13.1,2025-08-15T12:46:58-07:00
Ahmad adul,1,Seken muka gak bisa,Buat apa ada seken muka kalo gak bisa berapa kali ulang ulang,4.13.1,2025-08-15T04:44:04-07:00
(Ezy) yan,1,APLIKASI RUSAK,Aplikasi rusak gabisa verifikasi kamari nunggu ampe bermenit menit ga bisa bisa bisa tuh malah mlongo aja aplikasi BUKAN MEMPERMUDAH MEMPERSULIT ANGGARAN BUAT BIKIN APP NYA BERAPA EMNG EMNG AMPE KALAH AMA APP PINJOL BUAT VERIF NYA HERAN,4.13.1,2025-08-14T23:23:13-07:00
Are if Hi,3,Verifikasi Wajah,Kenapa sulit sekali?,4.13.1,2025-08-14T22:49:05-07:00
h*****t*,2,aplikasi error,mau daftar tapi harus ada biometri ngerekam wajah tertulis wajah ditaro dikotak yg tersedia sudah ditaro tapi ga ngerekam‚Äù dan tidak aja selanjutnya apa‚Ä¶harusnya ada apoikasi biar memudahkan bukan malah bikin ribet yang ada‚Ä¶solusinya apa klo seperti ini,4.13.1,2025-08-14T21:08:20-07:00
dani laksmana,1,Fitur Akses Kamera tidak tersedia di iphone,tidak bisa mengubah kolasi faskes 1 karena fitur akses kamera tidak muncul di pengaturan,4.13.1,2025-08-14T20:42:43-07:00
kutainae,1,Aplikasi bobrok,"Daftar sudah sesuai data, tinggal verifikasi wajah sudah pas di dalam kotak nya tapi tidak merespon",4.13.1,2025-08-14T19:24:11-07:00
alfis0804,1,aplikasi jelek,aplikasi jelek mau daftar online ke poli gigi dan mulut ga bisa,4.13.1,2025-08-14T19:11:04-07:00
Rfy0051,1,Aplikasi tolol verif foto kaga bisa,Gmna coba verif foto kaga bisa bisa udah ulang ulang 10 kali keluar masuk tetep aja kaga bisa bisa verif apliasi tolol buang buang anggaran doang,4.13.1,2025-08-14T18:41:27-07:00
LHS Sir,1,Perubahan Faskes,Saya tidak bisa melakukan perubahan faskes. Sampai tahap face recognition tidak ada petunjuk harus melakukan apa. Akan saya ganti jika sudan ada petunjuk jelas,4.13.1,2025-08-14T17:59:29-07:00
Yeye122,1,GAk Jelas,"KECEWA!!!!,,,NIK,,sudah benar,,mau masuk ajj susahnya minta ampun,,mau minta verifikasi kode,,gak ada respon",4.13.1,2025-08-14T17:29:12-07:00
luna ananda,3,Verufikasi Wajah saat Pendaftaran,"ga tau ya kenapa, tapi verifikasi wajah pas mau daftar nya lamaaaa bangett üò≠ü´¢",4.13.1,2025-08-14T09:02:07-07:00
carlos meguer,1,APLIKASII BURIKKK!APLIKASII GA JELAS,"bisa ga si klo bikin aplikasi yang bener, masa face app aja ga bisa, mau daftar gini aja suusahhh",4.13.1,2025-08-14T06:47:30-07:00
Sonia hutasoit,1,Biometrik gagal,"Saya mau ganti faskes, saat verifikasi wajah tidak bisa. Untuk apa verifikasi wajah kalau tidak bisa digunakan, kembalikan saja seperti dulu pakai pin",4.13.1,2025-08-14T04:58:25-07:00
AjengDRAD,1,Mau pindah faskes minta diaktifkan kamera tetapi tidak ada pilihan kamera üôÇü´µüèª,Akses ke kamera gak ada pilihannya üôÇ minimal kalo buat app tu dicoba sndiri dulu masuk akal apa gak perintahnya aneh banget,4.13.1,2025-08-14T04:46:49-07:00
Gajelas_,3,Gajelas,"Kenapa ga kedeteksi saat di bagian biometrik,sudah 2hari nyoba ga di acc",4.13.1,2025-08-14T03:30:01-07:00
dhygicam,1,ERROR,MAU DAFTAR BPJS VERIFIKASI MUKA AJA GA KE DETECT TERUSüôÇ tolong solusinya sampe install-uninstall berulang kali masih ga bisa,4.13.1,2025-08-14T00:57:23-07:00
Silvi Khairani,1,Daftar akun,lama banget buat daftar aja pake ada verifikasi mukanya. mana gabisa2 tolonglah bnerin,4.13.1,2025-08-14T00:27:03-07:00
Saya mau bpjs saya,1,Tidak bisa daftar,Saya sampai tahap facial recognition tapi muka saya tidak dikenali dan ngga ada tombol apa‚Äù. Contact CS lewat WA dan mereka cuman kasih poster yang ga ada tahap facial recognitionnya. Amazing design,4.13.1,2025-08-13T22:18:53-07:00
jowobowo,1,KOMPLAIN,"aplikasi bodoh kah ini? bengak buyan yang buat aplikasi, fitur foto ga kepake dongo  banget blok",4.13.1,2025-08-13T22:18:32-07:00
tio---,2,pendaftaran,sistem kamera tidak bisa,4.13.1,2025-08-13T22:11:20-07:00
Hariant,1,Gak Guna,Daftar sampai biomatrik wajah nunggu puluhan menit gak kelar kelar. Lol,4.13.1,2025-08-13T21:52:50-07:00
Nopita rahmadani,5,Susah mendaftar,Sken wajad hampir dua jam sampai naik asam lambung,4.13.1,2025-08-13T20:45:58-07:00
Mani tegas,1,Jelkkkanjg,"Gk bisa verifikasi wajah aneh
Padahl udh didepan kamera pas kotaknya
Sesuai intruksi",4.13.1,2025-08-13T20:42:48-07:00
Yrmoyol,1,Gabisa masuk,Verifikasi nya susah bgt aneh,4.13.1,2025-08-13T20:02:33-07:00
Ferdinandfislm,3,Verifikasi,TIDAK BISA VERIFIKASI WAJAH PADAHAL KAMERA JERNIH SESUAI ARAHAN.,4.13.1,2025-08-13T19:33:51-07:00
jknblok,1,Developer aneh,Perekaman wajah gagal terus,4.13.1,2025-08-13T19:11:39-07:00
Fahrurajix,1,Aplikasi dongo,"Verif wajah ga work, nambah dosa aja",4.13.1,2025-08-13T19:05:34-07:00
Arifstypyra,1,Verifikasi wajah gabisa bisa tolong di benerin,Tidak bisa,4.13.1,2025-08-13T09:02:55-07:00
KadekRiawan,1,Bug,"Biometrik tidak bisa, lanjut buat akun juga tidak bisa. Apa ada solusi?",4.13.1,2025-08-13T05:14:51-07:00
TOWNYSTARK,3,gabisa ganti faskes,"tolong dong benerin app nya, aku gabisa ganti faskes, nyantol waktu verifikasi muka",4.13.1,2025-08-13T04:09:44-07:00
Mr ngomel,1,TOLOL,Aplikasi tolol duit negara dikorupsi doang bikin apk gini aja susah banget. Masa verifikasi wajah untuk eligible ga bisa2 mendingan lu suruh gua jadi it lu otomatis bagus itu apk. Tolol,4.13.1,2025-08-13T01:25:05-07:00
Coobyt,2,Daftar apk,Buat daftar apkikasinya susah banget  pas ambil foto wajah,4.13.1,2025-08-12T23:19:29-07:00
baroneeznuts,1,App penghabis anggaran,"bayangin lo bikin aplikasi dana puluhan miliar tapi buat akses kamera aja ga bisa, uangnya malah dipake buat beli buzzer rating goblok",4.13.1,2025-08-12T22:32:51-07:00
bolololollooo,1,a,aplikasi eror cacat ni aplikasi nya prodak pemerintah ga ada yg beres,4.13.1,2025-08-12T22:13:14-07:00
febri adr,2,Tidak bisa daftar,Ada masalah di verifikasi muka dan email/sms,4.13.1,2025-08-12T21:01:06-07:00
njdodl,1,RIBET,MAU GANTI PASS AJA SUSAH. MINTA KIRIM KODE VERIFIKASI LEWAT NOMOR TELFON BERKALI2 GA MASUK SMS NYA. PRODUK PEMERINTAH CUMA NYUSAHIN RAKYAT,4.13.1,2025-08-12T20:56:13-07:00
UnknownPle4sures,2,Pengaduan,"Buat daftar aja gabisa, kameranya nge bug
Tolong di betulkan karna sangat amat tidak membantu.

Terimakasih",4.13.1,2025-08-12T20:26:00-07:00
fajri hakikiw,1,Layanan,"Aplikasi sampah mau daftar aja gabisa gabisa, stuck di foto muncul kamera doang gak bisa diapa apain gak ada menu lain lain gembel",4.13.1,2025-08-12T19:53:39-07:00
ojanaliiii,1,nysahin,aplikasi bodoh verifikasi muka ga ke detect sama sekali padahal pencahayaan dll udah bener,4.13.1,2025-08-12T19:27:38-07:00
greyjoydarker,1,Developernya BODOHHHH,"Mau verif pindah faskes pake harus foto wajah, kalo fitur belom siap jgn di deployyy tolll polotolll blokkk",4.13.1,2025-08-12T19:19:49-07:00
sush ko1,1,jkn ribet,sistem bobrok check in gak jelas hal gampang di susahkan,4.13.1,2025-08-12T18:07:39-07:00
Jonkillllp,1,Indonesia,Nyesel hidup di indonesia pelayanan sampah semua,4.13.1,2025-08-12T13:45:27-07:00
Fakyeu,1,Korupsi,Gimana sih ini aplikasi gabisa di gunain,4.13.1,2025-08-12T08:55:34-07:00
zeaalzh,1,pendaftaran ribet,"pas aku mau daftar kan harus input data wajah ,masa ga ada tombol buat take nya, terus ga ada perubahan warnanya merah terus, bener bener ngeselin aplikasinya",4.13.1,2025-08-12T07:20:43-07:00
Raditiya12,1,Verifikasi wajah dh ku liat yt liat tiktok car cara nya pun tdk bisa tdk ada opsi sms ato telp,Verifikasi wajah dh ku liat yt liat tiktok car cara nya pun tdk bisa tdk ada opsi sms ato telp bisa ga seh bikin yang bener verif nya aneh mau daftar aja di persulit mana verifikasi nga jelas padahal lagi butuh min di bagusin dlu baru terjun rilis aplikasi ga jelas ini,4.13.1,2025-08-12T06:43:40-07:00
muftirizaldi,1,Tidak ber-etika,"- istri saya tidak bisa ambil foto untuk ganti kelas faskes

- sewaktu telfon, CS nya terburu2 mau mengakhiri percakapan, ketika di tanya jawabannya ""iyaahhhh"" seperti malas & emosi.",4.13.1,2025-08-12T06:01:45-07:00
onkkkkkkk,1,kecewa,"scan wajah kalo gak bisa otomatis mending gak usah pake yang otomatis, pakai scan manual aja, ini orang keburu mati gak bisa di tangani. udah 2 hari gak bisa berobat gara‚Äù scan wajah gak bisa dtack, emang apk tolol",4.13.1,2025-08-12T03:15:39-07:00
Milhjsiendn,3,Verifikasi foto tidak bisa,"Kenapa pas proses verifikasi ko merah terus kameranya, tolong di perbaiki apk nya",4.13.1,2025-08-12T02:57:39-07:00
xxyagan,1,Aplikasi Tidak Bisa Diakses,"Aplikasi sangat tidak jelas!!
aplikasi malah mempersulit bukan mempermudah. proses pendaftaran stuck pada saat pengambilan gambar tidak ada kemajuan!!!",4.13.1,2025-08-12T02:37:21-07:00
bpjs aplikasi bapuk,1,BOBROK,GAJELAS ANJIR APLIKASINYA SUMPAH MAU BIKIN AKUN PAS VERIF WAJAH GABISA2. APLIKASI BOBROK KLO BLM SIAP MASUK ERA DIGITAL GAUSA SOK BIKIN ATURAN HARUS DAFTAR LEWAT APP BJIRRRRR,4.13.1,2025-08-12T00:53:24-07:00
Asni8351,1,Tidak bisa verifikasi wajah,Min‚Ä¶ kenapa untuk memverifikasi data pendaftaran kameranya tidak ada merespons sama sekali padahal sudah diulang berkali-kali dilain waktu dan wifi yang berbeda juga menggunakan kamera hp yang bagus,4.13.1,2025-08-11T23:52:56-07:00
ibnunz,2,Iwh,Daftar verifikasi wajah gabisa lol,4.13.1,2025-08-11T23:45:45-07:00
zkyadh,1,Aplikasi Sampah,Mau ganti faskes aja ribetnya minta ampun. Berkali2 verifikasi wajah ga bisa. Kalo bisa bintang 0 gua kasih bintang 0 dah. SAMPAH,4.13.1,2025-08-11T22:32:33-07:00
Randarini,1,Apps TOLOL,"Lgsg unistall aja. Apps ga guna, minta verifikasi wajah tp fitur verifikasi wajah ga fungsi. 
Ga bs bikin apps tp sok iye ü§£",4.13.1,2025-08-11T21:54:06-07:00
Sjjsnsnnsjd,1,Vendor murahan,Banyak banget bug nya. Wajah saya gak ter verifikasi verifikasi. Padahal udah didalam kotaknya,4.13.1,2025-08-11T19:50:57-07:00
jheee22,1,"verifikasi aja gak bisa"" haduh","verifikasi aja gak bisa"" haduh",4.13.1,2025-08-11T19:27:34-07:00
Pepek basaah,1,Negara apa ini,"Kenapa sih hal2 penting kaya gini harus di kelola orang gak tolol, tiap bikin aplikasi pasti jeblok semu",4.13.1,2025-08-11T18:40:55-07:00
ahkeponih,1,Gak jelas,Aplikasi gak jelas,4.13.1,2025-08-11T17:27:03-07:00
Ucupnanggewer,1,Biometric,App bego gausah sok sokan pake biometric kalo gabisa dipake siapa sih vendor nya orang bpjs juga bego vendor tolol kek gini malah dipilih gangerti cara bikin app,4.13.1,2025-08-11T16:15:08-07:00
Cleooo.,1,Verif wajah ga bisa,Tolong benerin fitur verif wajahnya saya mau ganti faskess,4.13.1,2025-08-11T09:46:31-07:00
Rocker dock,1,Sistem Frista Tidak berfungsi dengan benar di iphone,"Saya mau merubah lokasi faskes, namun setelah semua proses input data kemudian masuk fase sistem Frista dan meminta mengakses kamera, tapi setelah di berikan akses, aplikasi merestart dan semua proses berulang, gitu terus sampe gila

Istri saya download untuk daftar baru, namun sampe fase Frista untuk menginput biometrik wajah, aplikasi tidak merespon dan mengambil foto sebagaimana mestinya, jika di batalkan proses berulang lagi dari awal, 
Aplikasi pemerintah emang sampah",4.13.1,2025-08-10T22:39:39-07:00
nanetfr,1,payah banget developernya,"mau pindah faskes, disuruh izinkan kamera untuk biometrik dan gabisa kalo ga klik ""izinkan"". auto redirect ke settings, TAPI di menu settings ""allow what BPJS can access"" di iphone, GA ADA fitur kameranya buat di allow. lah gmn si GA JELAS plis",4.13.1,2025-08-10T22:38:07-07:00
Ahmadddkk,1,Sampah,Sampah bangett gk bisa verifikasi waja.. Tolong dong diperhatikan lagi aplikasi ini kenapa gk sat set gitu loh kalo mau daftar.,4.13.1,2025-08-10T22:08:29-07:00
skuymabar,1,permasalahan verifikasi wajah,mau verifikasi wajah gabisa mulu! padahal lagi urgent,4.13.1,2025-08-10T22:04:20-07:00
sayabuded122,1,verifikasi wajah,"HP IP 11 susah verifikasi wajah , apakah harus saya beli Kamera nikon ?",4.13.1,2025-08-10T20:23:15-07:00
zalfatsana,1,keluhan,"susah banget ini aplikasi, saya mau verif wajah gabisa mulu, udah nyoba berbagai cara tetep aja kaga ke deteksi, sangat membantu sekali aplikasi ini",4.13.1,2025-08-10T18:09:16-07:00
rekso00001,1,iPhone 7,Tidak bisa masuk di iphone 7,4.13.1,2025-08-10T17:25:29-07:00
mcrichrd,1,üòµ‚Äçüí´,busuk,4.13.1,2025-08-10T09:37:59-07:00
Japra7753,1,Layanan,App ngentot,4.13.1,2025-08-10T08:56:24-07:00
fhrl666,3,Verifikasi wajah sensor deteksinya buruk,Kurang fast respon,4.13.1,2025-08-10T05:43:07-07:00
andru the god of aim,1,GAK JELAS,GAK JELAS GAK BISA DAFTAR,4.13.1,2025-08-10T04:33:23-07:00
Dikconok,3,TIDAK BISA LOGIN,Saya tidak bisa login u/ mengambil antrean. Saya memakai iPhone 7. Sebelumnya bisa. Please fix. Tks.,4.13.1,2025-08-10T03:09:41-07:00
Fakyubit,1,MAINTENANCE!!!,LO KALO BIKIN APLIKASI JANGAN NYUSAHIN MINIMAL DI MAINTENANCE ORANG SAKIT DISURUH BIKIN JKN KETIKA FACE RECOGNITION GA KEDETECT2,4.13.1,2025-08-10T03:08:04-07:00
SAYA RAMA,1,APK GAJELAS,"KAMERA UDH SESUAIKAN DI WAJAH, GW TUNGGU 2-3MENIT MASIH GA DAPET SENSOR NYA, GAJELAS APK",4.13.1,2025-08-10T02:20:31-07:00
gjocelinee,1,Verifikasi wajah,gimana ya di ulang berkali2 tp verifikasi wajahnya gabisa dan lama. saya bingung hrs gmn,4.13.1,2025-08-09T23:54:02-07:00
Ghaisani F,1,Tolong upgrade verifikasi wajah,Aplikasi jelek mau verifikasi wajah buat ganti faskes gak bisa2,4.13.1,2025-08-09T22:25:11-07:00
Yg teraniyaya,1,Permuk sulit,Permuk nya sangat sulit kamera nya ga kaya cermin,4.13.1,2025-08-09T21:00:47-07:00
123098muezza,5,Sangat membantu,Terima Kasih.,4.13.1,2025-08-09T20:32:07-07:00
Diananer,1,Gagal Verfifikasi Wajah,Coba log in katanya belum terdaftar yaudah coba daftar. Pas daftar disuruh verifikasi wajah tapi gak bisa bisa. Jujur ini aplikasinya bener bener gak guna. Daripada uang yang dipake buat bangun aplikasi ini jadi sia-sia mending ganti vendor atau gak usah ada aplikasi ini sekalian.,4.13.1,2025-08-09T19:57:17-07:00
Wi020,3,Verifikasi wajah,"Verifikasi wajah selalu gagal lapor ke org kesehetan disuruh ulang terus sampai bisa, padahal sudah dicoba berbagai cara tetap gabisa",4.13.1,2025-08-09T19:35:56-07:00
gsbajj,1,tll,gausa sok mau verif wajah lah buat apk aja gabisa. ngedetect gabisa tolol,4.13.1,2025-08-09T17:50:41-07:00
lahdidakndajai,1,Payah,Tidak bisa login sama sekali pdhl butuh jkn mobile..,4.13.1,2025-08-09T09:15:18-07:00
Parhan aditya,1,Jelek,Aplikasi gak bisa perifikasi wajah aduh jodok,4.13.1,2025-08-09T08:17:05-07:00
Nanskuyyyyy,1,pelayanan,"gabisa ganti faskes, minta verifikasi wajah, dicoba trs gabisa2, caur",4.13.1,2025-08-09T06:02:15-07:00
dendiaditiar,1,Aplikasi gak guna,"Nyusahin rakyat mau update faskes aja ada kendalanya, kamera segala di mirror. IT nya gak guna",4.13.1,2025-08-09T05:09:51-07:00
calthze,2,verif wajah,"mau pindah faskes haru verifikasi wajah, tapi wajahnya ga terdeteksi. padahal udah lepas kacamata, di tempat yang terang, tapi tetep ga kebaca.",4.13.1,2025-08-09T04:29:33-07:00
nnahraf,2,Perbaikan,"Mau daftar tapi pengenalan wajah sama sekali tidak bisa ke baca, padahal sudah di tempat terang",4.13.1,2025-08-09T04:22:12-07:00
NNd4_11,1,Fitur Scan Wajah,"Ga berfungsi, tolong perbaiki BUG nya segera",4.13.1,2025-08-09T03:03:18-07:00
AresPutra,1,Verifikasi biometrik wajah,JELEK! Tidak Bisa Berfungsi! Alhasil gabisa diakses. Percuma download buang kuota,4.13.1,2025-08-09T02:50:18-07:00
Pengguna permataaaa,1,üòå,"baru satu kali masukin sandi dibilang udah salah 3 kali masukin sandinya terus disuruh nunggu beberapa menit, ubah kata sandi pake sandi baru masih dibilang salah, ngaco ni aplikasii. benahinn laah.",4.13.1,2025-08-09T01:47:15-07:00
seungmo7,3,Rekam wajah tidak terbaca,Minn gak kebaca kameranya di hp akuu. Mohon perbaiki bug nya yaaa,4.13.1,2025-08-09T01:22:07-07:00
Omkegas,1,Verifikasi wajah,"Verifikasi wajahnya payah banget, mirror lagi",4.13.1,2025-08-09T00:57:25-07:00
vennamel,5,Bpjs,Kebantu bgt dengan ada ya bpjs,4.13.1,2025-08-09T00:27:01-07:00
rafi warga negara indonesia,1,verifikasi wajah yang tidak merespon,tolong lah mau daftar aja di persulit memakai verifikasi wajah dan sudah verifikasi wajah pun tetep tidak ada respon berhasil atau tidak verifikasi wajahnya,4.13.1,2025-08-09T00:16:35-07:00
yyyyyxzcxxtyeh,1,!,login gaa bisaaa pake face id,4.13.1,2025-08-08T23:43:15-07:00
gioanta,1,Ngga ada akses kamera,"Harus verifikasi wajah buat perubahan data faskes 1, tapi akses ke kamera nya ngga ada buat IOS kah?",4.13.1,2025-08-08T22:53:07-07:00
!/!!!!!!!!,5,GOBLOK,"biometric"" peler gabisa login",4.13.1,2025-08-08T20:49:17-07:00
Astryviola,1,Biometrik gagal terus,Tidak bisa mendaftar dengan biometrik dan selalu gagal.,4.13.1,2025-08-08T20:40:32-07:00
noethamrin,1,Ribet,"Mau ganti faskes 1 minta verif, minta akses kamera, tapi ga ada opsi buat ngasi akses kamera. Terus aku kudu piye?",4.13.1,2025-08-08T18:38:57-07:00
MISSSHEIII,2,Registrasi Sulit,Proses registrasi terlalu sulit. Apalagi terkait proses verifikasi yang masih menggunakan SMS (memang tersedia fitur verifikasi melalui WA tapi tidak semua perangkat muncul fitur ini),4.13.1,2025-08-08T18:35:53-07:00
bagas87637,1,KORUP!!!,aplikasi bobrok daftar face nya gabisa BNGST,4.13.1,2025-08-08T18:00:58-07:00
ennikkk03,3,Tidak bisa ambil antrian,"Mau ambil antrian tulisannya gagal terhubung ke server ,dicba lagi tulisan tidak bisa ambil antrian lebih dari 1x padahal nmr antrian blm keluar,hbis update malah gak jelas",4.13.1,2025-08-08T17:34:24-07:00
G****h,1,Aplikasi gblk,"Udh digaji pake pajak ya aplikasi diperhatiin dong lolot amat??? Masa mau verifikasi wajah aja gabisa, cuma stuck di frame merah pdhl cahaya bagus wajah jelas. Gembel",4.13.1,2025-08-08T11:38:00-07:00
OlyJoo,1,MINTA PENGENALAN WAJAH,MINTA PENGENALAN WAJAH TP DARI APLIKASINYA GAK BISA AKSES KAMERA,4.13.1,2025-08-08T09:41:05-07:00
Alf14R,1,Perbaiki segera,"Tolong aplikasinya diperbaiki lagi, masa buat verifikasi wajah aja susah banget, perkara mau ganti faskes. Bayar pajak rutin buat perbaiki aplikasi aja masa susah sih?",4.13.1,2025-08-08T06:11:04-07:00
aifjsycnanzhcksk,1,jelek,"jelek, verifikasi muka wajah udh pas dalm kotak, masih ga ke detek gimana sih DONGO",4.13.1,2025-08-08T03:47:01-07:00
Broklener,1,Ga jelas,"Mau ubah faskes aja susahnya cok tinggal verifikasi wajah ga bisa bisa lanjut ke tahap selanjutnya, udah telpon operator tb tb dimatiin telfonnya. Anjing kerja yang bener tolol!",4.13.1,2025-08-08T01:27:43-07:00
Ddokm,1,Susah,Aplikasi ribet gak bisa daftar,4.13.1,2025-08-08T00:19:44-07:00
GHX_06,2,there mobile jkn,"kalo mau rekam wajah yang bener napa asu rekam wajah saja lama bangett sampe berjam"" nungguin masih gak kelar"" buat apa coba harus verifikasi wajah kalo harus sampe nunggu lama berjam"" asu gaguna ini apps",4.13.1,2025-08-08T00:18:55-07:00
Anjar 25,1,Komplain,Ga bisa verifikasi foto gimana ini,4.13.1,2025-08-07T23:19:05-07:00
M. Rihan,2,Ga jelas,Aplikasi jauh dari kata layak,4.13.1,2025-08-07T23:06:54-07:00
Bakavama ammans s smmans s,2,Mobile jkn,Susah bgt daftar apknya teru stak di verifikasi wajahnya berjam‚Äù udh mencobak gak bisa‚Äù giaman sihhh,4.13.1,2025-08-07T22:35:24-07:00
kingtomay,1,Fitur pengaduan,"Error spesial character bikin frustasi, kadang karena ngetik kepanjangan aja keluar error ini, tolong perhatiin ux nya kenapa gak di handle langsung dan remove di backend aja yg kayak gini",4.13.1,2025-08-07T22:07:26-07:00
kaisar200,1,apk aneh,"aplikasi goblok verif muka aja gabisa bisa najis, bukan mempermudah malah mempersulit",4.13.1,2025-08-07T21:43:32-07:00
lativ yang selalu disakiti,1,Aplikasi tai,Verifikasi ribet anjing! Susahnya minta ampun! App TOLOL,4.13.1,2025-08-07T21:37:17-07:00
wawams,1,emosi,"giliran vermuk gabisaa,gimana sih ini???!!!!!!!!",4.13.1,2025-08-07T20:18:55-07:00
Tatang1507,1,Antrian,"Saya ambil antrian online di JKN ke RS koesma tuban tapi sampai di RS harus antri manual lagi...
Terus fungsi antri online di aplikasi JKN apa min?",4.13.1,2025-08-07T20:00:11-07:00
beeeerii,1,masalah pendaftaran,gw daftar waktu verifikasi wajah kok bermasalah terus sih anj***g,4.13.1,2025-08-07T19:39:25-07:00
alex ipang,1,jelek,"mau verifikasi wajah aja susha banget gabisa bisa, bilangnya muka harus ada dalam kotak, aplikasi aneh",4.13.1,2025-08-07T19:10:25-07:00
confused about the name,1,Apliaksi dongo,kekonfirmasi dengan nik yang sama suruh ke bagian pendaftaran secara manual tll,4.13.1,2025-08-07T18:57:34-07:00
Sayure Mayure,1,developer dongo,"kgk bisa verif muka anjim, semoga lu dan keluarga lu bolak balik RS makanin duit haram",4.13.1,2025-08-07T18:53:57-07:00
diditdenk,2,permintaan tidak dapat diproses,setelah update versi fitur tidak bisa dipakai. notifnya tidak dapat diproses tunggu benerapa saat terus.. coba logout login ga bisa.. coba install ulang tetap tidak bisa.. internet koneksinya stabil lancar,4.13.1,2025-08-07T18:04:22-07:00
Oevsbsje,1,aplikasi jembut,tiap mau login pasti cuma stuck doang,4.13.1,2025-08-07T17:21:20-07:00
SodedJ,1,Scan Wajah,Pas beres daftar trus verif wajah alias scan wajah tapi gak bisa.. tetep aja merah..,4.13.1,2025-08-07T07:58:17-07:00
bidej√¶c,3,Gagal login etc,"Setelah update versi terbaru awal bulan Agustus, ada bberapa kendala: (1) tidak bisa mengakses menu ambil antrean untuk faskes tingkat pertama; (2) tidak bisa logout.
Coba uninstall malah tidak bisa login sama sekali. Tolong segera perbaiki.",4.13.1,2025-08-07T04:51:33-07:00
KingH18,1,Developer Tolol,aplikasi stuck di rekam wajah,4.13.1,2025-08-07T04:48:59-07:00
Kirek celeh,1,Aplikasi goblok,Masa ga bisa identifikasi wajah. Cacat aplikasi ngentot,4.13.1,2025-08-07T02:59:53-07:00
Yo*************,1,Biometrik ga berfungsi bikin gabisa registrasi !,"Aplikasi gabisa di pake, jangankan login, registrasi aja ga selesai, tahap verifikasi wajah/biometrik ga berfungsi, sidah banyak yang kasi review masi ga di perbaiki, di bawah naungan bumn tapi tetep gabisa proses online, ciri2 neg*ra gag*l",4.13.1,2025-08-07T02:33:44-07:00
fyols,1,review penggunaan aplikasi Mobile JKN,"makin kesini makin ribet, tolong dong aplikasi mobile JKN bisa dibuat lebih simple untuk para penggunanya dan aplikasinya harusnya udh siap sedia. Belajar dlu deh sm develop BCA yg udh terintegrasi dan oke punya dan memudahkan penggunanya. Apalagi ini terkait kesehatan, masa ga sat set sih. Smg masukan dri pengguna bisa didengar untuk bisa mengupgrade aplikasi jdi lebih canggih",4.13.1,2025-08-07T02:14:56-07:00
Dhimassadd,5,Ribet,Perpanjang SKCK aja suruh Buat jkn segala ribet jadi wni!! Adminnya gimana sihh??fitur kamera gak bisa di pakai.,4.13.1,2025-08-06T23:25:37-07:00
Muhammad Maula Abdi,5,Bug pada kamera Verifikasi saat mau mendaftar.,"Tolong hilangkan Bug saat mendaftar, yang ada pada verifikasi wajah. Wajah sudah sesuai dengan kotak yang di sediakan, Namun tidak ada proses yang di lakukan oleh sistem. Tolong di perbaiki.
TERIMAKASIH",4.13.1,2025-08-06T22:54:16-07:00
Yuda80,1,Kok scan wajah ngak bisa,Ini kenapa scan wajah ngak bisa perbaiki lah buru buru ini,4.13.1,2025-08-06T22:38:51-07:00
dewi*****,1,Keluhan,Ga bisa masuk kamera itu gimanaa???,4.13.1,2025-08-06T22:19:03-07:00
arinnnnnnnnn,1,mau daftar ga bisa2,gmn si ini mau log in masukin capcart ga bisa2 mempersulit !!! tolong perbaiki,4.13.1,2025-08-06T22:15:50-07:00
ikrar2894,1,Akses,Akses kamera nya mana!!,4.13.1,2025-08-06T20:46:21-07:00
migellk,1,.,apk gajelas buat susah orang,4.13.1,2025-08-06T20:26:50-07:00
Org pengen sehat,1,Verifikasi wajah buat perubahan data kok gk bisa???,Aplikasi jelek,4.13.1,2025-08-06T18:11:06-07:00
Kopet_,1,Ngk jelas,"Aplikasi jelek bangat, verfikaai wajah susah bngt ke detek, perbaiki lagi. Viturnya juga jelek bangat sumpah",4.13.1,2025-08-06T17:50:52-07:00
mau yg terbaik,1,FRISTA DIPERBAIKI.,Tolong diperbaiki untuk verifikasi wajahnya. Mau daftar faskes 1 dokter gigi gabisa terus terverifikasi wajahnya,4.13.1,2025-08-06T17:49:15-07:00
Pitano Anir,1,Mohon Perhatian!!!,Saya mau ubah Faskes Tingkat 1 untuk dipakai di wilayah baru harus verifikasi wajah selalu minta akses kamera. Sudah dikasih akses kamera jg tetap langsung ke tutup. Mau nya gmn ya?,4.13.1,2025-08-06T17:42:01-07:00
iwbwiwbgaca,1,daftar,"gabisa"" daftar pada saat proses kamera",4.13.1,2025-08-06T16:47:07-07:00
abcdkaihak,1,",","gak bisa verifikasi wajah!! alhasil saya gabisa daftar,pdhl penting banget,,skrng ijin sakit diperusahaan hrus sudah dftr aplikasi ini,kalau belum ga bisa verifikasi skd dan gaji terpotong",4.13.1,2025-08-06T15:29:10-07:00
ouroboeos,1,BACA KELUHAN PENGGUNA!,waktu daftar discan wajah gaada tombola apa apa gaada respon apa apa nunggu udah lama ni gajelas banget,4.13.1,2025-08-06T09:59:51-07:00
roiyan aden,1,face recognition nya dibenerin napa gajelas banget,gak bisa ke deteksi wajah aing aplikasi sampah,4.13.1,2025-08-06T08:06:16-07:00
hxhxvxjkwkakamzbshqiau,1,Apk blahbloh,Apk tolollll ngabisin angaran aja,4.13.1,2025-08-06T06:51:03-07:00
mad3linux,4,Iphone SE jadi ga bisa,"Min, bisa tolong di sesuaikan agar pengguna iphone SE gen1 masih bisa pake aplikasi nya? Sebelum update sih masih bisa setelah update jd ga bisa login, padahal udh input NIK dan password dengan benar di tap login tp ga masuk ke aplikasi nya, tetep di halaman login",4.13.1,2025-08-06T06:37:08-07:00
Hmzzzzzzassaajdjd,3,‚Ä¶.,"Ga jelasss bangett aplikasinya, dari tadi ngga terverifikasi wajahnya",4.13.1,2025-08-06T06:30:14-07:00
Dkplt,2,Jelek,"Plis bangett Mob JKN upgrade aplikasinya, Jelek banget!! Verifikasi wajah setengah mampus ga bisa",4.13.1,2025-08-06T05:41:39-07:00
Ilyassidik,1,gaguna,gak layak banget ini aplikasi,4.13.1,2025-08-06T04:56:22-07:00
Nugraha Berkah,2,Isi Keluhan di Aplikasi Terasa Ribet,"Aplikasi ini sebenernya berguna, tapi fitur pengisian keluhan bikin frustasi. Setiap kali nulis sedikit panjang langsung error katanya ada ‚Äúspesial karakter‚Äù, padahal cuma pakai titik, koma, atau enter biasa. Sampai harus ngetik ulang berulang kali baru bisa. Tolong segera diperbaiki biar pengguna nggak buang waktu cuma gara-gara form yang terlalu sensitif",4.13.1,2025-08-06T01:21:16-07:00
Yofffghjiygdessfh,1,Goblok,Aplikasi goblokkk varifikasi wajah gamau tolol,4.13.1,2025-08-05T21:00:16-07:00
Aullaja,1,Perbaiki di bagian mwnu daftar ge jelas,"Bagian sistem indentifikasinya ga jelass mau apa, udah simpam wajah bagian kotak ga twrjadi apa‚Äù",4.13.1,2025-08-05T19:57:46-07:00
desssssssssssdnr,1,Tidak bisa daftar karena biometrik ga bisa d klik,"Tidak bisa daftar karena biometrik ga bisa d klik, lemah banget sistem nya, padahal udh bayar mahal2, ga pernah di pake, mau coba daftat aplikasi susah banget.",4.13.1,2025-08-05T19:41:14-07:00
rkzey,1,saran,TOLONG YA DIPERBAIKI ! jangan menyusahkan bisa ga sih? mau verifikasi wajah aja gabisa! udah berkali-kali dicoba! aplikasi itu jangan dibuat menyulitkan. tolong diperbaiki bagian verifikasi wajah,4.13.1,2025-08-05T19:04:58-07:00
Okeyyan,1,Gabisa daftar,Mau daftar tapi pas verifikasi wajah malah ga bisa udah nyoba beberapa kali masih gabisa,4.13.1,2025-08-05T18:34:59-07:00
MaitriDewi,1,biometrik,biometrik ga fungsi. wajah udah sesuai kotak aja msh gak ke detect.,4.13.1,2025-08-05T16:44:03-07:00
Dapurlehakowis,1,gacha ngg jelas b,bikinn emosi kenapa ya serba sulit,4.13.1,2025-08-05T11:50:14-07:00
justopinionn,1,verifikasi wajah buruk,"katanya mempermudah, ini mempersulit aja. mau daftar online langkah pertamanya aja pas verifikasi muka super susah. buruk bgt pindaian nya , gada arahan lagi. apk payah",4.13.1,2025-08-05T07:45:56-07:00
syalwaw,1,UPDATE!!!!!!,"gmna sih ini mau daftar akun aja gabisa verifikasi wajah, udah ikutin ketentuannya gaada kelanjutan terus standby dikamera doang, gajelas, tolong diupdate dong",4.13.1,2025-08-05T06:34:03-07:00
Scnz.,1,PENDAFTARAN RIBET,"KALO BELUM MAMPU PAKAI APLIKASI GAUSAH MAKSAIN, VERIFIKASI WAJAH AJA GABISA KEBACA2 KOCAK",4.13.1,2025-08-05T06:06:31-07:00
bg pal,1,Sistem,"Disuruh verifikasi wajah tapi nga terverif2, padahal udah mgikutin petunjuk segala macam.",4.13.1,2025-08-05T05:06:12-07:00
cepuri,1,susah verifikasi wajah,susah banget daftar verifikasi wajah tolong di update lagi bug nya,4.13.1,2025-08-05T03:26:39-07:00
Boni Barros,5,Aplikasi M-JKN,Terbaik aplikasi ini dan sangat membantu kami sebagai peserta bpjs,4.13.1,2025-08-05T01:21:53-07:00
Deyidi M,1,Sulit mengakses kontak cs,"Saya ingin berbicara dengan cs, tapi tidak ada Kontak Cs di aplikasi Mobile JKN, di WA Pandawa juga tidak ada pilihan berbicara dengan costumer service BPJS Kesehatan.",4.13.1,2025-08-05T01:06:55-07:00
SangGigas,1,Aplikasi tolol,Login ke pemindai muka ga bisa‚Äù,4.13.1,2025-08-05T00:58:10-07:00
fdilaamawtin,1,tolol,apk tolol verifikasi wajah ga confr‚Äù,4.13.1,2025-08-05T00:23:11-07:00
wiwwaa,5,MANTAP,"Super praktis! Semua urusan BPJS sekarang tinggal lewat HP. Mau ganti faskes, cek tagihan, atau ambil antrean online ‚Äî semua bisa dari aplikasi Mobile JKN. Gak ribet, tampilannya juga user-friendly banget. Wajib punya sih buat peserta BPJS! üëç‚ú®",4.13.1,2025-08-04T23:18:44-07:00
FNA260101,1,Verifikasi Wajah Lambat,"Mau daftar pun sulit, aplikasi belum siap luncur. Masa daftar aja lama banget gak bisa bisa. Typical app pemerintah selalu bobrok.",4.13.1,2025-08-04T23:15:13-07:00
alfin_gaming22,1,Aplikasi gak jelas,"Dari tadi udh 10x sken muka gaada proses apa apa apliksi bikin emosi, kalo  gitu mending gausa onlen"" lah bikin emosi doang yg bikin aplikasinya ga jelas",4.13.1,2025-08-04T22:09:02-07:00
Byan921,1,Gak bisa daftar,"Tidak bisa dapat no OTP, scan wajah tapi tidak merespon, aneh !!!",4.13.1,2025-08-04T21:10:04-07:00
AOQUDU,1,APK SAMPAH SOK PAKE SCAN WAJAH TAPI GAJELAS,KALO GA BECUS BUAT TEKNOLOGI GAUSA SOK DI BUAT BIAR KEREN KOCAKK üò°ü§¨,4.13.1,2025-08-04T20:56:55-07:00
Faye Lune 27,1,Frista nya ga bener,"Plis dari bulan kemaren mau ganti faskes 1 gabisa, padahal dulu tinggal ganti aja terus done. Boleh ga si diapus aja frista nya kalo sistemnya masih buruk? Kan jadi merugikan.",4.13.1,2025-08-04T20:48:02-07:00
Aaaannggggiii,1,Tidak bisa DAFTAR,"Gila ya memang aplikasi tolol, disuruh verifikasi wajah tapi gak ada keterangan harus gimana udah berbagai sisi berbagai cara masih aja gak ada respon aplikasinya. Kalo ga bisa bikin aplikasi gak usah bikin deh, NGEREPOTIN",4.13.1,2025-08-04T20:23:50-07:00
Pejuang BI,1,Verifikasi wajahnya ga bisa,Gagal terus verifikasi wajah gaada kejelasan,4.13.1,2025-08-04T19:39:23-07:00
arridhow,1,parah,"udah keliatan dari ux nya aja, gausa ngomongin ui dulu, bisa kok dibandingin sama app lain. mau verifikasi muka aja gabisa, ga ke detect, belum lagi kameranya ga dibikin mirror, udah tau buat selfie. layout, button‚Äù banyak yg perlu diimprove noh size sama spacing nya. ga ngerti kenapa banyak yg kasih bintang 5, buzzer?",4.13.1,2025-08-04T18:17:27-07:00
itil nagaa,1,komplain,"gajelas kocakk, verifikasi wajahh udah lah mirror gabisa bisa, yang katanya mempermudah malah jdi mempersulit emng gajelas",4.13.1,2025-08-04T06:28:25-07:00
UserAnonim129,1,NO AKSES KAMERA IPHONE,"Ini kenapa ga bisa daftar di iphone ga ada akses kameranya?? Aplikasi masih banyak bug besar udah go live aja, KACAUU KACAUUU",4.13.1,2025-08-04T05:06:20-07:00
nuraini5363,1,VERMUK TOLONG DIBENAHI ORANG SAKIT MLH DIBIKIN SUSAH,INI NIAT MEMBANTU RAKYAT GA SIH VERMUK WAJAH SUSAH BGT KALO APK BLM JADI GAUSA DIKELUARIN DULU BENERIN DULU LAGI SAKIT VERTIFIKASI WAJAH DIPERSULIT TAMBAH SAKIT NIH UDH SEJAM DIDEPAN KAMERA UDH GELENG‚Äù KEDIP SAMPE SENYUM GA NGARUH SAMA SEKALI TOLONG SEGERA BENAHI,4.13.1,2025-08-04T04:13:26-07:00
saraaa0793,1,Cape bgt mau verifikasi wajah ga bisa,Mau ganti faskes kehalang verifikasi wajah dah bolak balik instal uninstall tetep ga bs. Liat review emg kacrut ini apps ternyata,4.13.1,2025-08-04T03:46:32-07:00
kucing oren abu abu,1,Gagal verifikasi,Gagal terus verifikasi kocak,4.13.1,2025-08-04T02:32:30-07:00
andrian yorlan,1,Apk aneh,Masa rekam wajah ga bisa bisa,4.13.1,2025-08-04T00:51:47-07:00
nanosajaaa,1,aplikasi tidak berguna,"Verivikasi wajah aja gabisa bisa cuma nongol muka doang, udah dipasin tapi gitu gitu aja gada konfirmasi atau apa kayak orang bego jadinya.",4.13.1,2025-08-04T00:22:18-07:00
Qionk25,1,Daftar online,Bayi saya baru lahir mau daftar ulang rujukan ngambil antrean di mintain nik,4.13.1,2025-08-04T00:20:33-07:00
labdnaoshajamdlocnsjs,1,Verifikasi Wajah Gagal Terus,"Sudah ikuti semua petunjuk, tapi verifikasi wajah tetap gagal. Muka udah pas di kotak, tapi aplikasi tidak respon sama sekali. Ini ganggu banget. Mohon perbaikan!",4.13.1,2025-08-04T00:01:29-07:00
nurmayulita,1,Aplikasi tdk bisa digunakan,"Setelah login, keterangan pada aplikasi permintaan anda blm dpt diproses",4.13.1,2025-08-03T22:56:35-07:00
urfxingmom,3,BACAAA PLSSS DIPERBAIKINNNN,TOLONG LAH FITUR VERIFIKASI NYUSAHIN BGT SAYAA MAU KONTROL INI MALAH NGEREPOTIN BANGET CAPE BGT MO NANGIS RASANYA CUMA UNTUK VERIFIKASI NYA MANA GADA PILIHAN LAIN LAGI UDH SAKIT TAMBAH SAKIT,4.13.1,2025-08-03T22:50:01-07:00
rafikayn,1,Aplikasi gak jelas,"Aplikasinya gk jelas mau daftar verifikasi wajah tapi gk selesai‚Äù hanya kotak kamera aja tanpa ada penyelesaian 
GAK BISA DAFTAR CUYY",4.13.1,2025-08-03T22:25:49-07:00
Kakaandrew,1,Gajelas,Saya sebagai ios dev ini aplikasi gajelas,4.13.1,2025-08-03T22:25:19-07:00
Corx241,2,Frista kurang membantu,"Aplikasi nya masih perlu perbaikan, setelah coba ganti faskes 1, disuruh validasi lewat frista (face recognition) malah ga bisa-bisa. IT nya kerjanya ga bener, developer aplikasi kurang serius kerjanya",4.13.1,2025-08-03T21:57:08-07:00
JKN OVERRATED,1,GAJE,"VERIF WAJAH PALING AMPAS DRI SEMUA APK PEMERINTAHAN YG W PAKE,MASI BAGUS FITUR VERIF WAJAH PINJOL",4.13.1,2025-08-03T21:56:21-07:00
valentine vyna,1,Tidak ada opsi mengizinkan kamera,"Aneh sekali saya gak bisa masuk dengan akun karena ada sistem biometrik verifikasi wajah menggunakan kamera, aplikasi mengharuskan user untuk mengizinkan akses kamera tetapi tidak ada opsi untuk mengizinkannya. Tolong diperbaiki",4.13.1,2025-08-03T20:50:57-07:00
Kepoanjjj,1,ribet!,"Aplikasi ampas ribet!! Daftar susaa, developer bapuk, klo gabisa buat aplikasi mending gausa",4.13.1,2025-08-03T20:43:33-07:00
mzrs1,1,gajelas,"ni gimana si verif wajah gabisa bisa, di deketin ke kotak gabisa di jauhin gabisa sampe pegel pegangnya apa harus sambil kayang buat verif wajah?",4.13.1,2025-08-03T19:58:48-07:00
hadehhhhs,1,benerin,kalooo bikin aplikasi tuhh yg bener donggg masa verifikasi muka gabisa‚Äù mana mirorr,4.13.1,2025-08-03T19:46:05-07:00
Akbarumif,1,Mobile jkn,Sangat lelet udah prifikasi wajah sesuai yg di tentukan malah gak jadi‚Äù,4.13.1,2025-08-03T19:36:13-07:00
Hekbgdurjrvrirklaal,1,.,"Aplikasi taek, verifikasi wajahmu lo ga kenek a",4.13.1,2025-08-03T19:30:09-07:00
Shemaru,1,Verifikasi ga respon,"Verifikasi wajah gabisa bisa, ga gagal ga berhasil jg diem aj bgitu ga ada respon, udh pake hp lain sama ga bisa juga, ga jelas aplikasi pemerintah kerjanya",4.13.1,2025-08-03T19:17:59-07:00
subur.rakhmanto,5,perubahan kelas,"cukup mudah, tp pin lama saya tdk berlaku, jd harus reset pin, tp cepat selesai, terima kasih",4.13.1,2025-08-03T18:34:42-07:00
IOS SS Note,1,biometric scan tidak jalan di IOS,"minta akses kamera, tapi tidak ada opsi allow kamera di IOS",4.13.1,2025-08-03T18:18:48-07:00
Didikloo,3,OROR,"Kenapa selalu keluar terus dri apk, dan masuk kembali lagi? Eror terus",4.13.1,2025-08-03T18:12:01-07:00
Rindot11,1,Bodoh,Aplikasi bodoh mau daftar varifikasi muka malah ga berfungsi,4.13.1,2025-08-03T15:43:54-07:00
Ul.12,1,Layanan kurang berguna,"Saya buat pengaduan dan pertanyaan via mobile jkn, tapi aplikasi gak support untuk ketikan kronologis panjang dan selalu bertanya yg sama padahal saya sudah ketikan  nomor tiket pengaduan yg awal supaya bisa lengkap membaca kronologis nya.

Saya telpon ke 165, alasan CS gk bisa eskalasi permasalahan saya karena tidak terintegrasi dengan mobile jkn. Dan suruh saya lgsung ke kantor pusat untuk pengaduannya.

Padahal kan maksud saya telpon 165 karena via mobile jkn ga support jadi saya ingin menyampaikan kronologis via 165 saja, baru akhirnya petugas CS nya mau mencatat (itupun akhirnya telpon saya dimatikan dengan alasan suara tidak terdengar padahal belum ada jeda lama dari trakhir petugas mendengar suara saya), intinya pertanyaan dan pengaduan saya sama2 tidak mendapat jawaban baik via mobile jkn maupun 165.

Kalau saya disuruh ke kantor pusat yaa percuma sekali ya, pdhal info nya bpjs kasih akses mobile jkn dan 165 untuk mempermudah bukan mempersulit dan oper2an",4.13.1,2025-08-03T15:21:58-07:00
Mutiara Diah Pramesti,1,Muttiiiii,Mau bikin akun aja harus pake verifikasi wajah dan itu gabisa2 terus.  Mau mindah faskes aja susahnya minta ampuuun,4.13.1,2025-08-03T08:00:30-07:00
rrrrr3nnn,2,lolaaaaaa,susah banget sih mau identifikasi biometrik,4.13.1,2025-08-03T07:59:24-07:00
Shounen 356A,1,Aplikasi k*nt0l,Sering banget log out sendiri anj*ng! Dengan alasan log in di device yang berbeda! T4i!,4.13.1,2025-08-03T06:18:45-07:00
masyarakat.,1,aplikasi buruk,aplikasi sangat buruk,4.13.1,2025-08-03T04:42:02-07:00
syaa222,1,smpe skrng g bs,knp si gabisa verifikasi wajah,4.13.1,2025-08-03T02:44:18-07:00
RahhideLegion,1,Aplikasi pemerintah dungu semua,Face recognition nya lama sekali kan apple ada face id bisa ukur jarak kedalaman pake sensor,4.13.1,2025-08-03T02:41:42-07:00
Apple12pro_,1,Pendaftaran terkendala,Scan wajah tidak berfungsi,4.13.1,2025-08-03T02:24:28-07:00
JS Raksanata,1,Verifikasi Wajah,"Saat ada perubahan data, sangat sulit melakukan verifikasi wajah, sudah dicoba beberapa jam dalam beberapa hari, aplikasinya sama sekali tidak merespon, hanya kotak merah yang sama sekali tidak bergerak, tolong diperbaiki min, ini kan project mahal ya",4.13.1,2025-08-03T00:58:34-07:00
mayanali,4,Proses perubahan status,"Proses perubahan status menggunakan auto debit Bank Mandiri tidak bisa dan sudah dilakukan pengaduan tapi tidak membantu dan solusi yg diberikan tidak simple sehingga harus merubah auto debit dgn BCA. 
Harusnya semua bank di permudah proses pendaftaran auto debitnya.",4.13.1,2025-08-03T00:14:41-07:00
Elvano deayn,1,Bapuk,Bapuk,4.13.1,2025-08-02T22:32:24-07:00
iosbomat,1,Verifikasi Wajah,Aplikasinya rusak,4.13.1,2025-08-02T19:49:12-07:00
MOONCOK,1,KECEWA,"verifikasi wajah tidak bisa, sms juga tidak ada padahal pulsa ada. SEMUA RS HARUS DAFTAR DI JKN, SEDANGKAN APLIKASI JKN SEPERTI INI, PRODUK GAGAL",4.13.1,2025-08-02T16:24:59-07:00
Irfanryadi,1,Face recognition,Fix it!!!!,4.13.1,2025-08-02T09:14:12-07:00
Bank Bego,1,Aplikasi donggo gk jelas,"Apan gk bisa baca verif, ini apk depvlop nya anak smp kli ya",4.13.1,2025-08-02T08:22:50-07:00
nensquy,1,keluhan,"aplikasinya cacat masa gabisa verifikasi data terus aneh, aplikasi pemerintah bisanya nyusahin. yang bener dong bikin aplikasi, kalah sama apk pinjol",4.13.1,2025-08-02T08:17:31-07:00
halaveowvdinwosn,1,Face recognition tidak bisa,Kasian ibu saya sudah tua suruh FR ga bisa bisa. Padahal duduk aja sudah kesulitan,4.13.1,2025-08-02T07:52:04-07:00
jawajawajawa_,1,Kamera Verifikasi,"Sensor kamera verifikasi nya kayak kont*l  yg buat alias buta map, udah kameranya mode miror dikira ga pusing apa di tambah keram tangan smpe 5 menit ga berhasil‚Äù tolol",4.13.1,2025-08-02T04:12:02-07:00
Yudi H,1,kode otp gak masuk,mau daftar nungguin kode otp dikirim ke email gak masuk2 sampe diulang2 tetep gak ada email kode otp niat gak sih bikin aplikasi,4.13.1,2025-08-02T02:02:43-07:00
SPUSSY,1,ASTAGA APK KALO YG BUAT PEMERINTAH PASTI ADA AJ KENDALA NYA,RIBET,4.13.1,2025-08-02T01:30:39-07:00
Siapa tah siapa,2,verifikasi wajah bermasalah,perbaiki verifikasi wajah,4.13.1,2025-08-02T01:16:25-07:00
capsswe,1,Aplikasi Lengeh,"E naskleng ci ne ngae aplikasi, aplikasi tain cicing naskleng nasplet sing dadi anggo",4.13.1,2025-08-02T01:05:25-07:00
oaysgwfzt,1,jelek,MASA GA BISA VERIF WAJAH??? PADAHAL LOH UDAH DI DALEM KOTAK TAPI LAMA BGT GA KESCAN,4.13.1,2025-08-02T00:42:48-07:00
dnesii,1,keluhan,tidak bisa verifikasi wajah,4.13.1,2025-08-01T22:22:01-07:00
ayam bakaaaaaaaaar,1,verifikasi wajah ga jelas,verifikasi wajah ini kok ga bisa anjir ga ada kelanjutan. aplikasi under government ga jelas tot,4.13.1,2025-08-01T22:16:00-07:00
tikuww,1,gbs daftar,dari awal susah bgt daftarnya dri yg sms engga masuk padahal pulsa ada terus sekarangg verifikasi juga gabisa susah bgt plis dimudahin aja,4.13.1,2025-08-01T09:41:04-07:00
Apeennnn,1,BUG,"kenapa pas mau daftar terus scan wajah,gabisa bisaa,stuck aja terus disitu,hadehh menyulitkannnn",4.13.1,2025-08-01T07:11:22-07:00
Ardi mulyana somantri,2,Tidak bisa verifikasi wajah,Gabisa daftar krna harus verifikasi wajah. Sudah sesuai arahan berada di dalam kotak tapi engga ada reaksi apa-apa mentok saja disana. Kenapa ya? Mohon di tinjau,4.13.1,2025-08-01T01:25:53-07:00
biubila,1,face recognition tapi ga recognition itu gimana sih??!!,"aplikasi ga jelas, mau daftar aja ga bisa bisa. udah sejam nunggu face recognition ga bisa bisa, mana ga mirror lagi kameranya. TERUS SAYA MAU DAFTAR GIMANA???",4.13.1,2025-07-31T22:31:59-07:00
selenssssd,1,keluhan,mau login aja ga bisa masukan capcha sampai sukses juga ga bisa‚Äù aplikasi kurang worth it,4.13.1,2025-07-31T21:55:14-07:00
Mr Davidkp,1,Aplikasi ga jelas,"Tidak bisa daftar, selalu nyangkut di verifikasi wajah, gak jelas gimana cara kerjanya aplikasi ini",4.13.1,2025-07-31T21:24:04-07:00
Aris setiawan,5,Login susah,Susah login padahal kemarin mudah,4.13.1,2025-07-31T20:20:22-07:00
Akhyar14095,1,Aplkasi cacat,Aplikasi tolol,4.13.1,2025-07-31T19:23:11-07:00
Brian fabianto,1,Aplikasi Lawak,Serius dikit lah buat aplikasi. Ini urusan sama masyarakat dan kalian buat ini di support pemerintah yang uangnya banyak dari rakyat juga. Login dibilang gagal sampai di suspend. Daftar autodebt muter2 kaya kentut akhirnya tetap gagal. Cek sendrilah klian yang buat asal jadi tapi gk direview,4.13.1,2025-07-31T18:55:39-07:00
indah nur hikmah,2,SUSAH MASUK APK,"mau login tp infonya offline mulu, dr jam 2 subuh sampe jam 8 pagi bgitu terus.",4.13.1,2025-07-31T17:55:54-07:00
rio.rp_,1,APLIKASI LAWAK,SANGAT SANGAT BURUK,4.11.2,2025-07-31T13:13:00-07:00
SayurSop,1,Kelakuan pemerintah pantek,"Pemerintah jangan sok soan bikin aplikasi lagi lah, udah pake duit rakyat, anggaran ngga masuk akal, hasil kaya gini
Kalo ada aplikasi buatan pemerintah ngga pernah ada yg bener",4.11.2,2025-07-31T10:36:28-07:00
Apaajabolehhh,1,Aplikasi jelek,Apk nya gajelas suka keluar keluar sendiri bloon bgt,4.11.2,2025-07-31T08:57:05-07:00
pterrrq,1,Sneh,Server sering eror jaringan bagus tapi gabisa daftar aneh,4.11.2,2025-07-31T08:36:57-07:00
ribetbngt,1,APLIKASI ANEH,"YANG BENER AJA !!! GAK BISA MASUK, PASTI KELUAR NOTIF ‚ÄúPERMINTAAN ANDA BELUM BISA DIPROSES‚Äù TERUSSSS, GILAK EMNG YA BIKIN EMOSI INI APLIKASI",4.11.2,2025-07-31T07:35:01-07:00
Dewa juana,1,He he he,Apa yang bisa diharapkan dari apps pemerintah,4.11.2,2025-07-31T06:45:51-07:00
I Suriapraja,1,Login Error,"Tidak bisa login, muncul notif error. capcha juga suka ga jelas, Bad App üëé",4.11.2,2025-07-31T06:19:53-07:00
Kgs. Muhammad Dedy Rahman,1,kocak,"apa guna buat aplikasi kalo gangguan terus pas ketika genting pula ,aneh pemerintah",4.11.2,2025-07-31T05:30:24-07:00
Ohgggfrtvxdd,1,Aplikasi bobrok tolong diperbaiki,"Saya mau login tidak bisa terus, bacaannya terus coba beberapa saat lagi, gimana ini aplikasinya disini saya bayar gak gratis jadi tolong pelayanannya juga di bagusin!!!!!!!",4.11.2,2025-07-31T04:48:01-07:00
Mau lu apa sih anjeng,1,Aplikasi gajelas,"pemerintah kalo bikin sistem buat rakyat yang bener lah,bikin aplikasi gini aja ngga becus eror mulu,yang pegang server ngga niat kerja",4.11.2,2025-07-31T03:48:21-07:00
Jwjsneismheownsndiwlsnhe,5,Mantap,"Aplikasinya bagus, gampang digunakan untuk verifikasi",4.11.2,2025-07-30T21:21:51-07:00
Putri Nabillah ilhany,5,Keunggulan mobile JKN,Keren banget dengan adanya penggunaan aplikasi mobile JKN saya dapat melakukan segala nya dengan mudah dari informasi sampai mengakses jika sakit,4.11.2,2025-07-30T21:07:27-07:00
Tamiyago8888,1,Kendala foto,"Susah, wajah sudah sesuai di dalam garis merah, di suruh hadap kanan beberapa kali padahal sudah sesuai",4.11.2,2025-07-30T20:32:10-07:00
yintella,1,MANA PENGATURAN AKSES IZIN KAMERANYA?!,"apk sampah!! siapa sih vendornya?! minta akses kamera tpi di pengaturannya gak ada pengaturan buat izin akses kameranya, ribet banget anjing! buang buang anggaran aja buat aplikasi yg gak bisa dipake",4.11.2,2025-07-30T07:51:59-07:00
Gregorius bila,1,TIDAK BISA DAFTAR AKUN,"Saya sudah coba beberapa kali untuk daftar akun, tapi selalu keterangannya nomor telfon sudah pernah di pakai peserta lain. sedangkan ini baru mau daftar udaa nggak bisa, mohon infonya terkait kendalanya. terima kasihüôèüèªüôèüèªüôèüèª",4.11.2,2025-07-30T06:42:47-07:00
James Halim,4,Perlu Notifikasi Saat Mengantri,"Halo min, mungkin fitur notifikasi saat antri sangat diperlukan, karena kadang estimasi antriannya sangat gak sesuai karena gak semua datang juga. Mungkin saran saya bisa ditambahkan informasi kalau sisa 10 antrian lagi kalau di faskes yang pasiennya banyak",4.11.2,2025-07-30T03:05:00-07:00
Xaqat,5,Just info,Bagus perlu di ketahui saya mengajukan pindah krn pelayanan buruk dari faskes sblum ny,4.11.2,2025-07-30T00:50:27-07:00
Karin SB,1,Alamat,"Alamat di kartu BPJS terlalu lama untuk update ke alamat terbaru, peserta hanya bisa mengupdate manual untuk alamat surata saja",4.11.2,2025-07-30T00:42:59-07:00
Uzw@,5,Mobile JKN oke,Mantap memudahkan akses peserta.. bpjs keren,4.11.2,2025-07-30T00:35:19-07:00
Kodeoptsangatburuk,1,Bagian otp,Minta otp ga masuk masuk sangat buruk,4.11.2,2025-07-29T19:48:46-07:00
Liandry Maestro,1,coba perbaiki lah,eror mulu pas lagi penting pentingnya,4.11.2,2025-07-29T06:00:09-07:00
v√®rm√≠,1,MINTA IZIN BUKA KAMERA,tapi ga ada opsi di setting untuk mengizinkan kamera untuk aplikasi jkn. yg bikin koding tolol,4.11.2,2025-07-29T05:14:18-07:00
Umi selly,5,Mobile JKN,Mantappp,4.11.2,2025-07-29T00:32:59-07:00
ihsankmil,1,Gagal verif,"Pemerintah kalo bikin aplikasi sampah semua hasilnya, buat pengembangan aplikasinya pada di korupsi",4.11.2,2025-07-28T19:13:11-07:00
rosdiananasir,5,Helpfull,Sangat membantu pengurusan administrasi nggak harus ke kantor lagi,4.11.2,2025-07-28T17:06:35-07:00
Penggunajkn,1,keluhan,kalo mau buka surat rujukan keluar keluar sndiri,4.11.2,2025-07-28T07:53:31-07:00
Annida zak,2,BUG APPLIKASI BANYAK,"Ini kalo emang aplikasinya belom ready jangan bikin bikin aturan baru, minta semua pake face recognition tapi akses kamera iphone aja gaada. QC applikasinya nya kerja ga sih? jangan jangan gaada testingnya dulu sebelum diluncurin",4.11.2,2025-07-28T04:45:04-07:00
khumala asvia,1,"Sebenarnya ini aplikasi bagus, semua detail.","Tapi sering log out sendiri. Dan kalau mau log in susah. NIK belum terdaftar lah, atau ga sesuai. Padahal udah di cek betul betul dan ga ada yang salah. Ribet tau. Coba di perbaiki, kenapa bisa log out sendiri tiap bulan harus log in, yang terlalu ribet prosesnya",4.11.2,2025-07-27T23:14:13-07:00
Fara.nzl,1,Pelayanan,"Di aplikasi jelas2 ditulis buka 08:00 - 14:30, saya sudah daftar nomor antrian dan sdh ada sampai dipuskesmas malah dibilang sudah tutup palayanan jam 12 siang. Gajelas gini amat pake gratisan. Mending gaji saya ga usah di potong buat BPJS!",4.11.2,2025-07-27T22:45:41-07:00
Irawatu,5,üëçüèªüëçüèªüëçüèªüëçüèªüëçüèª,üëçüèªüëçüèªüëçüèªüëçüèªüëçüèª,4.11.2,2025-07-27T19:25:34-07:00
maureyz,1,"pengaduan lama, whatsapp bot, di arahin sana sini tetep gabisa",susah bgt mau ganti data nomor telfon,4.11.2,2025-07-27T19:00:59-07:00
jskaksnow,1,Jelek,"Dikirain ada app kayak gini mempermudah ternyata makin susah, mau berobat aja susah banget daftar layanan gak bisa terus",4.11.2,2025-07-27T16:33:47-07:00
PENGGUNA SHOPEEPAYY,1,OTP BERBAYAR MALAH GAGAL,Verifikasi nomor hp via SMS berbayar dengan potongan pulsa Rp 1.100 dikali aja berapa kali Data gagal dirubah .. OTP nya berbayar sekali nya mau simpan data malah GAGAL ‚Ä¶,4.11.2,2025-07-26T21:42:14-07:00
Ferdi022,1,Fitur kurang lengkap,Auto debitnya kenapa tidak ada opsi bank BNI? Tolong tambahkan biar ga ribet buat rekening lagi!!!!,4.11.2,2025-07-26T21:02:49-07:00
hai warga,3,keluhan,"rewel bangett tiba tiba log out sendiri,mau log in malah katanya salah sandi padahal uda bener sesuai sama catatan,sedih bangettt lagi sakit di buat pusing gini üò•üò•",4.11.2,2025-07-26T08:14:37-07:00
shafahaq,5,Pelayanan,Klinik mediska pekalongan pelayananya is the best,4.11.2,2025-07-25T23:13:27-07:00
widya95,1,Verifikasi Wajah,"Verifikasi wajah susah, harus coba berkali-kali",4.11.2,2025-07-25T22:19:34-07:00
orangdIsini,1,error parah,aplikasi terjelek sistemnya rusak saya mau ubah faskes karna urgent malah gabisa tolol keburu mati baru bisa kode otp setahun ga dikirim kirim,4.11.2,2025-07-25T20:13:42-07:00
harry febrian,2,tidak bisa verifikasi wajah,"inii kek mana coba mau daftar akun nyaa?? minta izin akses kamera tapi di pengaturan gaada buat izinkan kamera, sampah bngt",4.11.2,2025-07-25T17:28:14-07:00
APRIADIPRATAMA,5,Mantapnr,Bg,4.11.2,2025-07-24T23:43:05-07:00
Liaamai,5,Bermanfaat,Baguss,4.11.2,2025-07-24T22:18:41-07:00
jokotinhkir122,1,Tidak bisa verifikasi wajah,aplikasih sampah buat ribet aja,4.11.2,2025-07-24T20:38:33-07:00
Legend 62,5,Pelayanan,Sangat mudah dan tdk berbelit2,4.11.2,2025-07-24T19:43:43-07:00
Ikisep,1,Pembayaran,Mau bayar tunggakan susah harus menggunakan rehab versi terbaru gimna caranya,4.11.2,2025-07-24T19:36:33-07:00
wawayadori,1,otp ga bisa,"ga bisa otp padahal udah isi pulsa, app ga jelas",4.11.2,2025-07-24T19:01:51-07:00
hh7gg,1,yyy,lama kali donlodnya,4.11.2,2025-07-24T09:44:39-07:00
fakhrul ihsan,2,frista face recognition,aneh pdl izin akses face id sudah dikasih tapi kenapa gabisa mulu? padahal urgent mau pindah faskes,4.11.2,2025-07-24T06:54:45-07:00
M radho f,5,pemindahan,mudah tidak di persulit bagus mantap,4.11.2,2025-07-24T06:33:59-07:00
reno agus saputra,5,Sangat terbantu adanya BPJS,"Kemarin minggu anak saya masuk IGD,blm punya BPJS dari pihak RS dibantu untuk di bikinkan melalu online alhamdullilah belom ada sehari sudah jadi,sangat terbantuk adanya BPJS untuk pelayanan kesehatan tidak di pungut biyaya sepesarpun untuk biyaya RS nyaüôèü•∞",4.11.2,2025-07-24T03:29:56-07:00
Callmevidz,1,Tidak bisa daftar untuk KK lain,Semoga para developer indonesia lebih expert dalam buat program.,4.11.2,2025-07-23T21:48:00-07:00
onalohy,5,Puskesmas waai,"Pelayanannya sangat baik, petugas ramah",4.11.2,2025-07-23T19:56:28-07:00
Ephoyyyyy28,1,Bukan mempermudah tp menyusahkan,"Bukan mempermudah tp mempersulit.. daftar harus online,,sekalipun online kuota udah penuh ü§¶‚Äç‚ôÄÔ∏èudah ikut bpjs lama tp baru juga mau menggunakan bpjs tp udah dipersulit bangettttttt. Gmna org yg gak punya hp???? Berarti dy gak bisa dilayanin,,minta daftar langsung gak bisa dilayanin karna infonya FKTP udah mendapat teguran dari bpjs üëä",4.11.2,2025-07-23T19:37:48-07:00
lambe dower,1,Macam pinjol,Mau program rehab tdk bisa karna minta versi yg baru ! Giliran nagih pake acara surat mnyurat ke hrd tempat kerja buat nagih kekurangan ! Aplikasi cuma ngasih waktu maksimal 5 bulan minta lunas dg alasan negara defisit ?!!! Defisit tuh gara‚Äù kalian korupsi njinggg !!! Bukan kita yg abisin duit,4.11.2,2025-07-23T04:14:48-07:00
misterEga,1,Suraat rujukan,Tidak bisa melihat surat rujukan,4.11.2,2025-07-23T03:49:36-07:00
Bajududokaha,1,Camera access,Suruh nyalakan access kamera tapi dipengaturan gaada pilihan buat nyalakan access kamera,4.11.2,2025-07-22T10:57:14-07:00
Kharisma.,1,Pelayanan buruk,"Earimasi ga sesuai sama aplikasi dan di faskesnya. Sudah datang sesuai estimasi di aplikasi malah sudah kelewat, jadi yg di apk ga d upadate. Buruk!!!",4.11.2,2025-07-22T04:41:13-07:00
AlfonsusSinaga,5,Baik Sekali,"Terima kasih JKN team, semangat kembangkan terus",4.11.2,2025-07-22T03:56:14-07:00
yulianasartika,3,Rehab,"Saya mau mengajukan program rehap ko g bisa ya, disuru aplikasi rehap keversi terbaru, itu mksd nya gimna ya???",4.11.2,2025-07-21T21:36:40-07:00
Gulqvist,1,Ampun,Ampun kak,4.11.2,2025-07-21T20:43:09-07:00
im buds,5,Ulasan,Sangat membantu,4.11.2,2025-07-21T05:46:33-07:00
putu deva b,2,gabisa ngambil antrian di aplikasinya dengan ket poli tidak ditemukan. setiap mau ambil antrian gbsa,error,4.11.2,2025-07-21T05:37:43-07:00
itslrsbdh,1,aneh,tolol suka tiba2 keluar sendiri tolong d benahi,4.11.2,2025-07-21T04:16:31-07:00
ThelitaGodwin,2,ga bisa login,"selalu mental terus, padahal log out juga ga. sampah ah",4.11.2,2025-07-20T23:14:49-07:00
kemamdra,2,Ga banget,Tolong yah sy mau login makai otp sms tp ga ada kodenya sama sekali,4.11.2,2025-07-20T21:06:05-07:00
Pitriajaa,1,Sulit mengambil nomor antrean online di apk ini,"Masa setiap ambil nomor online pake mobile JKN selalu ga bisa sih!!, katanya apk ini untuk mempermudah mengambil nomor antrean puskesmas. Tapi apa ini, gak sekali dua kali ya setiap saya mau ambil nomor antrian puskesmas selalu gak bisa!!
Sangat kecewa sih saya, seharunya bisa memper mudah tetapi ini sama saja.!",4.11.2,2025-07-20T11:24:59-07:00
MagicCat1303,1,Hufttt,Disuruh verifikasi muka tapi ga bisa access kamera gmn tau ini aplikasi. Sumpah ga ngerti sama pengembangnya,4.11.2,2025-07-20T08:29:26-07:00
Moms iza,1,Salah masuk NIK,"Katanya salah masukan NIK tapi begitu sy masukkan kedua kalinya katanya sdh terdaftar tinggal login aja. Begitu login katanya salah lagi NIK. Yang betul yang mana sebenarnya,, jadi bingung üò´üò´",4.11.2,2025-07-20T01:56:23-07:00
Kezbcy,1,Gj,Muka udah di kotak 5 menit ga ngapa ngapain GJ,4.11.2,2025-07-20T01:18:41-07:00
Herwanto15,1,Sulit login,"Mau login aja langsung diminta untuk daftar auto debit, kalo g daftar auto debit tidak bisa login",4.11.2,2025-07-20T00:30:20-07:00
haqiqi11,2,Gangguan Menu,"Bikin aplikas jangan asal dong. Buka menu apa apa serba gabisa.   Disuruh update versi , pas di update sma aja tetep gabisa, ngasal",4.11.2,2025-07-19T22:39:26-07:00
Parjan ( urip ),5,Manfaat,Bermanfaat,4.11.2,2025-07-19T22:04:37-07:00
Pangestu1-/:!!@@,1,Aplikasi gak sip,Apk gak jelas bikin ruet,4.11.2,2025-07-19T21:48:16-07:00
intan rosdiawati,1,Aplikasi jelek bgt. Masa ga bisa masuk kalo ga bayar,Sumpah aplikasinya busuk bgt. Pemaksaan harus bayar. Padahal udah dibatalin gabisa,4.11.2,2025-07-19T06:22:52-07:00
YKristiadi,5,Bagus,Mantab mudah perubahannya,4.11.2,2025-07-19T06:08:21-07:00
MomandJo,3,Tidak bisa rubah faskes,"Ulasan ini dibacakah? Sya mau ganti faskes knp tidak bisa,aplikasi minta verifikasi wajah, izin ke kamera sudah dibuka, tetep tdk bisa? Mohon solusinya.",4.11.2,2025-07-18T17:36:47-07:00
roy winandra,5,kemudahan,sangat bermanfaat,4.11.2,2025-07-18T16:58:09-07:00
fluoxetrine,3,fix bugs di menu info riwayat pelayanan,fix bugs surat rujukan di info riwayat pelayanan di mobile JKN V.4.11.2 iOS tidak bisa dibuka selalu force close.,4.11.2,2025-07-17T22:06:51-07:00
nadindudin,1,sistem gak smooth,"kepesertaan non aktif karena usia mencapai 21, namun saat login sendiri, muncul jg anggota keluarga lainnya. aneh",4.11.2,2025-07-17T07:24:50-07:00
Dinafitrias,1,Minta izinkan kamera tapi gak ada,Kalau mau izinkan kamera ya aktifin dong akses kameranya. ITnya gmna toh? Perangkat ios,4.11.2,2025-07-17T07:17:42-07:00
Bagas D.H,1,Komplain,Bpjs gatel ribet cok ak IT Mpp suroboyo,4.11.2,2025-07-17T06:26:18-07:00
Aisyah rizki,5,Mantapp,Memudakan sekali berkat aplikasi ini,4.11.2,2025-07-17T04:13:03-07:00
Satudarisekian,1,Apk pemerasan secara halus,"Wajib terdaftar autodebit dan ga bisa di non aktifkan autodebitnya, dan kalo sudah terdaftar bpjs ga bisa dinon aktifkan bpjsnya gils bgt si",4.11.2,2025-07-17T03:09:06-07:00
Riska aja,5,Pindah askes,Sangat baik,4.11.2,2025-07-16T19:32:35-07:00
Indre@78,1,Anggaran di korupsi,"Klo belum mampu bikin aplikasi buat monitoring dll khususnya untuk pelanggan jangan sok sok an, klo pun ada niatain bikin aplikasi kek gini anggaran jangan di korupsi biar aplikasi optimal dan berfungsi dengan baik 
Kok bisa aplikasi se bobrok ini rating 4,8 emng klo ada uang bisa membeli semuanya dan klo ada anggaran bisa di korupsi seenaknya",4.11.2,2025-07-16T19:28:41-07:00
Bu Salsa,1,GA BAGUS,Minimal app dipastikan bisa membantu masyarakat lah bukan malah menyusahkan & meribetkan!!!,4.11.2,2025-07-16T18:25:55-07:00
rahayudwia,1,JELEK,"ANEH gabisa daftar akun, katanya rekam wajah sesuai kotak, udh di tunggu 5 menit masih juga ga ada perubahan!!!!",4.11.2,2025-07-16T10:51:39-07:00
Bnbkids,1,Eror,"Tiap mau login selalu offline 
Disuruh coba lahi nanti
Okelah besoknya udh dicoba pagi, offline lagi katanya 
Ini gimana sih eror terus
Niat bikin aplikasi gasih",4.11.2,2025-07-16T08:35:20-07:00
harexjoy,5,Great app,Great app,4.11.2,2025-07-16T02:41:59-07:00
itsnotzee,1,APLIKASI GAJELAS,"Tolong dong diperbaiki, masa ingin rubah data aja pake face recognition, padahal ga semua hp support elahhh.. mau berobat aja ribet üëéüëé",4.11.2,2025-07-15T19:56:04-07:00
Sadatul maki,2,Eror,Akun kok tiba tiba logout sendiri udah login lagi tetep ga bisa masuk ini gimana?,4.11.2,2025-07-15T09:35:19-07:00
callyyyy1,2,.,"CARA GANTI NOMOR HPNYA RIBET KALI COK
btw, yg tidak dapat sms OTP itu harus ada pulsa minimal 2000 yagesya",4.11.2,2025-07-15T04:50:37-07:00
pauaji,1,Aplikasi jelek,"Mau face scan saja tidak bisa, saya mau daftar menggunakan nomor handpone malah katanya sudah ada yang mendaftarkan nomor saya.. ini gimana sih JKN, data no HP saya siapa yang menggunakan? Gw yakin mereka jg ga tau wkwkwk",4.11.2,2025-07-15T03:56:25-07:00
Aidachani,4,Scan wajah,"Susah pakai scan wajah, saya mau mindahin faskes orang tua saya . Karena orang tua saya tidak bersama saya jadi susah",4.11.2,2025-07-15T02:07:05-07:00
@grt.80,5,Makasih,"Pelayanan untuk perubahan faskes cepat dan sangat membantu Terimakasih , dan tidak lama dan sangat cepat",4.11.2,2025-07-14T23:58:44-07:00
üë∂üèªü§çüôÇü§éü§¶üèª‚Äç‚ôÄÔ∏è,2,Gak ada fitur kamera di ipone 11,"Di ipone 11 gak ada fitur kamera pas izin akses, jadi gak bisa verifikasi muka, gak bisa ganti faskes",4.11.2,2025-07-14T06:25:27-07:00
Oyen tampan,1,Error,"Jkn tak bisa digunakan, GAGAL TERHUBUNG KE SERVER RS, udh beberapa bulan ini ga bsa daftar online ke poli, tolong segera di perbaiki",4.11.2,2025-07-14T04:30:00-07:00
lakleyXR,1,OTP,Nomor OTP ga masuk masuk ke sms nunggu lama bgt taek,4.11.2,2025-07-13T22:43:06-07:00
Semangka45,1,APK SAMPAH,Jelek gak bisa login apk sekelas government beginiü§åüèª,4.11.2,2025-07-13T18:48:15-07:00
cutyye,1,Otp tidak dikirim,Pulsa ada no aktif tpi otp ga dikirim kirim aneh bgt tujuan diciptakan aplikasi kan untuk mempermudah ini malah makin mempersulit padahl semuanya sudah aman tpi susah bgt tinggal kirim kode otp doang,4.11.2,2025-07-13T18:43:34-07:00
akbar101010,4,Kamera,Kenapa dipengaturan aplikasi gak ada pengaktifan kamera ya,4.11.2,2025-07-13T18:25:49-07:00
just a girl wanting to fly,1,1/10,The app cant even open a camera,4.11.2,2025-07-13T05:47:17-07:00
samshids,1,Verifikasi ribet,"Verifikasi ribet, kadang error, tidak tersedia, fitur belum update",4.11.2,2025-07-13T05:45:48-07:00
empatlimaa,1,Ga jelas,"aplikasi plat merah
anggaran gede, sampe vendor tingal 10 persen, wajar aja kalo ga guna, mending mandiri",4.11.2,2025-07-12T22:59:52-07:00
D412GO,5,pelayanan,sangat memudahkan pasien,4.11.2,2025-07-12T20:40:11-07:00
Elv1183,1,Bayar trus tiap bulan pelayanan di kota jambi buruk,Bayar trus tiap bulan pelayanan di kota jambi buruk,4.11.2,2025-07-11T23:04:07-07:00
nurul ansor,5,saran,sangat membantu bgt,4.11.2,2025-07-11T22:40:02-07:00
bpjs tolol,1,aplikasi tolol,"login ga bisa2, buang2 anggaran aja anj",4.11.2,2025-07-11T18:59:41-07:00
Ujang212,1,Captcha muter terus,"Mau alih status jadi mandiri aja notifikasi virtual akunnya masuk ke mobile JKN, sememtara aplikasinya error terus ! Captcha nya ga muncul, muter terus ! Ribet ! Mau bayar aja ribet !",4.11.2,2025-07-11T18:25:45-07:00
Sgdewa97,1,Busuk,Busuk .sering gangguan,4.11.2,2025-07-11T18:02:36-07:00
kontttter,1,Selalu Error,Wajar aplikasi pemerintah,4.11.2,2025-07-11T17:53:41-07:00
Krzsn,1,Gk kepake,"Verifikasi wajah gk berhasil, kirim otp gk masuk. Gk banget.",4.11.2,2025-07-11T17:31:12-07:00
Auuaaah,1,Paijo,"Pemerintah bikin aplikasi üòè 
gak usah berharap banyak, 
Aplikasi üëéüèª",4.11.2,2025-07-11T05:01:33-07:00
BAD MOBA,2,Tidak ad akses kamera,"Di arahin verifikasi wajah , tapi ga ad akses kameranya ini aplikasi
Lucu !",4.11.2,2025-07-11T04:49:08-07:00
Qunirrrrrrrrrr,5,Penilaian,"Bagus, bnyk program yg gak jelas",4.11.2,2025-07-11T01:17:12-07:00
dsyml,1,tidak bisa verifikasi,"gagal mulu verifikasi udah coba di hp yang berbeda tetep aja sama gabisa, offline tulisannya padahal kuota saya masi ada dan sinyal bagus.",4.11.2,2025-07-10T20:56:11-07:00
hahabaiananwowmw,1,payahhh,"dari jaman kanpan download gapernah bisa masuk, verifikasi wajah gabisa terus smpe di ulang2 instalnyaaa, pliss yaaa",4.11.2,2025-07-10T20:17:31-07:00
Kamal Amed,1,Error,"Gabisa register, error",4.11.2,2025-07-10T19:47:46-07:00
saassdaa,2,Antrian online,Min sy mau daftar antrian online tp tdk bisa krn di kolom keluhan katanya ‚Äúmengandung spesial karakter‚Äù padahal di keluhan sy tertulis hanya huruf ngga pakai angka ataupun simbol lain.. itu knapa ya?,4.11.2,2025-07-10T04:44:22-07:00
Eka Widia,1,Lambat!,mau daftar aja lambatnya minta ampuuun deh!,4.11.2,2025-07-10T01:18:45-07:00
ireneyuliana6,2,Ganti faskes,"Mau ganti faskes melalui app dan hrs vermuk tp permintaan akses app ke kamera tdk ada, bagaimana ini",4.11.2,2025-07-09T23:01:59-07:00
Apk gajelasss,1,Mau login malah salah nik,Gak bisa login tulisan nya salah NIK padadal sesuai sama di kartu yang terdaftar,4.11.2,2025-07-09T22:44:08-07:00
anonim4367,1,Ganti vendor aja,"Sampe sekarang mau log in gagal mulu. Dibilang salah password mulu. Giliran klik fiturr lupa pswd, semuanya dipersulit. Merasa rugi tiap bulan bayar bpjs",4.11.2,2025-07-09T19:48:15-07:00
Ihdakaito,1,Captcha,Bagaimana bisa login kalau captcha tidak tampil,4.11.2,2025-07-09T19:42:36-07:00
Muh bastiar,5,Mantap,Sangat memuaskan,4.11.2,2025-07-09T19:19:23-07:00
Sanawiah Septianti,5,bagus,sangat bagus,4.11.2,2025-07-08T23:23:28-07:00
Takeshi Gouda,1,Beta,Aplikasi broken kah? OTP nomer teleponnya tidak muncul setelah ditunggu satu tahun. Sampah. Terimakasih.,4.11.2,2025-07-08T18:04:36-07:00
KAMERAZONK,1,Kamera,Apa hp gua doang ini yg ga ada akses KAMERA,4.11.2,2025-07-08T09:47:00-07:00
yafiq99,1,Aplikasi busukkk,Minta verif.. verif blank ga jelass harus ngapain.. gini nih aplikasi yg garap tukang korupp ajur,4.11.2,2025-07-08T05:49:50-07:00
wahyudieee,1,tidak bisa verifikasi no hp,"sistem kursng mumpuni, update no hp harus verifikasi tpi gada pilihan metode verifikasi",4.11.2,2025-07-07T21:11:03-07:00
Oinlophee,5,Update Faskes,Cepat secara system,4.11.2,2025-07-07T20:19:30-07:00
Junno008,1,sialan,"app KAMPANG, Gara2 susah verifikasi no hp, lokernya keburu di di tutup",4.11.2,2025-07-07T19:02:22-07:00
keosneh,1,"aplikasi ga bantu,buat daftar aja di persulit. verifikasi muka udah di jauhin di deketin ga ke verif",skip banget,4.11.2,2025-07-06T23:27:37-07:00
sopia156,1,Apk buat nyusahin,"Percuma buat apk kalau ujung ujungnya di suruh ke kantor cabang pendfaran autodebt dan ke kantor bpjss gajelas bangett,buatan pmrintah emang kyk gini yaa? Wkwwk wi",4.11.2,2025-07-06T22:48:00-07:00
s4n22,1,aplikasi lemot,Daftar autodebet super lama & selalu terlogout saat keluar aplikasi,4.11.2,2025-07-06T22:01:57-07:00
Mandaios,2,Perbaiki,Tolong perbaiki akses kamera tidak ada.,4.11.2,2025-07-06T20:58:38-07:00
ü´©üòÆ‚Äçüí®,1,mohon untuk di upgrade lagi,aplikasi jelekkkküëéüëé,4.11.2,2025-07-05T11:46:02-07:00
Budi11@,1,Tidak bisa di akses,"Tidak bisa masuk , cuma putih polos saja tampilannya",4.11.2,2025-07-04T23:11:51-07:00
Firda ZA,2,Membantu dan Menyusahkan,"Setiap saya ingin melihat lampiran, selalu force Close dan error. Gak ada pilihan kirim ke email atau whatsapp, jadi saya bingung mau lihat rujukan dimana. Tidak tersedia Progressive Web Apps.. jadi harus beli hp baru?",4.11.2,2025-07-04T07:55:29-07:00
PutriDT,1,JADWAL DENGAN YANG DI RS BEDA,"GILA LO YA MAK GUA UDAH MERINTIH SAKIT, DIRUJUK KE RS UMUM LO KASIH JADWAL JAM 18.25 TAPI TERNYATA RS NYA GAK ADA JADWAL MALAM! GAKUSAH SOK SOK DIGITAL KALAU BELUM MAMPU TERINTEGRASI SAMA SISTEM RS!!!",4.11.2,2025-07-04T04:40:29-07:00
winda indiyani,2,Ga bisa ganti faskes,"Saya mau ganti faskes tapi harus menggunakan verifikasi wajah, namun tidak bisa karena kamera nya di aplikas nya tidak ada sehingga tidak bisa ganti faskes, sebelum nya bisa ini sudah setahun saya mau ganti lagi ga bisa. Gimana ini aplikasi nya seperti ini???",4.11.2,2025-07-04T03:03:47-07:00
Sync7,2,Perbaiki bug atau ganti pengembang aplikasi!,"Menu tiap fiturnya tolong diperbaiki lagi, jgn hanya sekedar hiasan doang fungsinya pada error! Terutama di bagian rehab, aplikasi sudah terupdate msh tetap gak bisa.",4.11.2,2025-07-04T01:12:19-07:00
Lokindra,1,Bug FC,Force close saat buka surat rujukan,4.11.2,2025-07-03T18:31:02-07:00
Riiiiizl,1,Peraturan kamera pada hp iphone tidak tersedia buat apk jkn,Peraturan kamera pada hp iphone tidak tersedia buat apk jkn,4.11.2,2025-07-03T03:07:15-07:00
drm indo,1,Aplikasi sering mati,"Aplikasi sering mati loading terus, tel ke 165 malah disuruh dtg ke kantor bpjs terdekat tetap saja jauh sekali, terpaksa ke RS antri dari jam 7 pagi kebagiannya jam 3 sore pdhl sdh usia di atas 73",4.11.2,2025-07-03T01:56:27-07:00
Henitia,5,Asuransi,Sangat membantu,4.11.2,2025-07-02T20:01:40-07:00
intanrimasari,1,Ganti faskes susah,Saya mau ganti faskesntapi tidak bisa karena frista face recognition nya tidak bsa karena tidak ada kamera nya yang di izinkan itu,4.11.2,2025-07-02T19:08:25-07:00
me and rebel soul,1,perubahan faskes minta akses kamera,"mau merubah faskes skrg diminta cerifikasi data pakai kamera, tp apps nya nda support di sistem utk akses kamera, aduh kapan negara maju ya.. korupsi nya terlalu menyeluruh ini bpjs bangkrut kapan y ditutup aja bayar iuran kesehatan bertahun2 tp fasilitas ga bisa dipakai. DZOLIM",4.11.2,2025-07-02T13:42:59-07:00
Lolita Muslimah fashion,5,Good,Good,4.11.2,2025-07-02T09:58:51-07:00
Piedro Richardo,1,Mendaftar,Untuk mendaftar susah karena fitir izinkan kamera,4.11.2,2025-07-02T08:09:16-07:00
Naussbshs,1,App paling lama loading,Gak bisa di akses sama sekali app yg terlalu jelek,4.11.2,2025-07-02T07:26:33-07:00
Daniaa001,1,Perbaiki lah minimal,"YaAllah daftar dipersulitt applikasi mu loh jelek banget. Pake ada fitur wajah tapi gak bisa di hp iphone.
Jelekk banget uangnya buat apa sih heran",4.11.2,2025-07-01T11:47:37-07:00
Ciroyom,1,App segera update,di ios tidak bisa daftar karna app meminta akses kamera tapi tidak ada opai tersebut,4.11.2,2025-07-01T07:07:35-07:00
Sydneyta,2,Muter muter di captcha,Lemot dan log out sendiri,4.11.2,2025-07-01T00:02:50-07:00
1Avada1,1,Burik,"Mau pake program rehab tulisannya ‚Äúkeluarga tidak berhak mendaftar‚Äù lah terus yg berhak siapa? Tetangga gitu? Udah konttak WA yg bales bot, telpon CS malah dibilang harus lewat apk mobile jkn, udah dikasih tau klo lewat aplikasi mobile jkn tulisannya kyk gitu. Mau bayar aja ribet bener, mending gauasa dibayarlah pusing, ganti pake asuransi swasta aja yg ini bikin pusing",4.11.2,2025-06-30T22:33:02-07:00
Irwanwan,5,Jkn,Aplikasi sangat mudah d gunakan,4.11.2,2025-06-30T22:15:33-07:00
takdirmuhammad,1,Kode OTP Lama masuk,"Kode OTP berkali-kali lama masuk menunggu hampir 1 jam baru masuk terus kembali ke menu awal , aplikasi diperbaikin donk , bintang  1",4.11.2,2025-06-30T20:50:11-07:00
rakyat negri,1,kode otp gamuncul sudah dicoba 5 hari,"ini tim pengembang apk ini pada kerja gasih sudah 5 hari nyoba terus reset password no hp sudah bener gaada yg salah gamuncul muncul otp, rata rata aplikasi pemerintah se bobrok ini? buat apa bayar pajak kalo yg digajih nya gaada yg bener bener menanggapi keluhan masyarakat",4.11.2,2025-06-30T19:06:30-07:00
Rafiyadi17,1,Face recognition,"Ini maksudnya gimana, tolonglah manusia jaman sekarang itu kebanyakan berkacamata, pas mau daftar disuruh buka kacamata tapi gimana mereka mau membaca instruksi yang ada seperi harus menghadap kekiri lah kekananan lah kebelakang lah, sedangkan tulisannya aja tidak kelihatan, tolong dipikirkan lah, tidak user friendly banget",4.11.2,2025-06-30T18:27:26-07:00
This is indonesia,1,Jangan korup,Kenapa kalau aplikasi pemerintah itu bobrok yaa? Trouble nya ga kehitung jari dalam sehari,4.11.2,2025-06-30T08:42:15-07:00
FiqFau,1,Camera,Tidak bisa mengaktifkan akses kamera,4.11.2,2025-06-30T02:43:22-07:00
Prengky331,1,Ngeleg,Tolong percepat proses melalui sms dan lewat email terimakasih trus ini aplikasi sering ngeleg,4.11.2,2025-06-30T02:23:56-07:00
ReiVaHard,1,fitur app,ini app buatan negara?ecek2 gini banyak kekurangannya sekelas pemerintahan loh,4.11.2,2025-06-30T01:24:08-07:00
Carmeilan,1,Apk gak bisa digunakan,"No nik udh dimasukin dengan benar tapi bilangnya salah mulu diulang berulang kali juga tetep gak bisa, ini gimana sih apknya",4.11.2,2025-06-30T01:03:51-07:00
Ojiiig,1,Not Working,"Tidak bisa deteksi NIK, tidak bisa kirim kode verifikasi, tidak dapat digunakan.",4.11.2,2025-06-30T00:33:17-07:00
shanshaine,1,aplikasi paling jelek,"masukin NIK gagal tapi ga jelas gagal karena apa, nyusahin banget, maksa bikin aplikasi tapi ga pernah diperbaiki ya gini",4.11.2,2025-06-29T23:20:02-07:00
Fahrul Alim,1,PERCUMA SERING EROR,"Udh lama sy mau daftar aplikasinya, udh berkali"" coba tp eror, nik gua ngga bisa . Tp klo cek di pandawa bpjs gua aktif. Ini mau sikron ke aplikasi, tp ribettnya minta ampun. Sampai skrg eror",4.11.2,2025-06-29T23:07:12-07:00
Boloy Loy,1,Aplikasi rusak,Rata2 aplikasi buatan pemerintah rusak semua,4.11.2,2025-06-29T22:26:15-07:00
fuaddc,1,aplikasi ga jelas,"buat daftar aja susah, masak gaada opsi help center/ cs buat membantu kl ada masalah.. sekelas aplikasi pemerintah aja seperti ini buruk",4.11.2,2025-06-29T22:20:55-07:00
someone icikiwir,1,ga jelas pengambilan foto untuk daftar nya,di suruh noleh kiri kanan tiba tiba ga kedetect udh senyum malah gabisa,4.11.2,2025-06-29T20:05:48-07:00
Musziah,1,Tidak bisa daftar aplikasi,Selalu gagal padahal sudah mengkuti semua arahan dan selalu gagal,4.11.2,2025-06-29T17:44:20-07:00
simanadarson,3,keluhan,"gabisa terdaftar terus padahal sudah sesuai dengan pemilik nik nya, tolong kedepannya sistem nya di uprage lagi, supaya pasien tidak kesusahan.",4.11.2,2025-06-29T16:20:08-07:00
preciousunicorm,1,Bad app,It tooks forever to get the otp,4.11.2,2025-06-29T03:30:56-07:00
Gusnisaulia,5,Membantu sekali,Ok,4.11.2,2025-06-29T00:44:29-07:00
masprie04,5,Perubahan Faskes 1,Kereeen,4.11.2,2025-06-28T23:07:11-07:00
Satria Janar,5,Bagus,Sangat membantu sekali.,4.11.2,2025-06-28T21:59:13-07:00
Nurotun,5,Jkn mobil,Sangat memudahkan untuk pindah faskess,4.11.2,2025-06-28T21:36:37-07:00
Nikijima,1,tolol,"aplikasi laknatullah, biometri cek nya lagi ngerjain orang ya? dana nya buat apa aja",4.11.2,2025-06-28T21:03:18-07:00
hiqip,1,Tolong benerin aplikasi otp selain via sms harus bisa ke Whatsapp,Aplikasi tolol nunggu otp sms ga masuk2 bgst aplikasi Tolol anj mnyt mmk,4.11.2,2025-06-27T18:57:14-07:00
xhgunau,1,APK noon,"Bukanya mempermudah malah mempersulit..yang bikin apk tidak paham apa gimana ya...PARAAAAH!!! Sangat Jelek,",4.11.2,2025-06-27T08:34:49-07:00
B Lavender,1,Frista Gagal,"Frista minta perizinan akses kamera, tapi di setting iphone gak bisa dan gak ada kolom untuk mengizinkan kamera.",4.11.2,2025-06-26T17:14:01-07:00
riffathsn,1,Pergantian status,"Ganti status dari pegawai swasta ke mandiri kok ga bisa sehari ya, udah digital loh, kalo masih lama mending manual sekalian aja gausah ada aplikasi",4.11.2,2025-06-26T10:04:52-07:00
anakrantauuuuuu,1,Cuk,"Aplikasi tolol,niat bikin aplikasi gx sih,seharian kirim kode aplikasi gx dikirim kirim",4.11.2,2025-06-26T07:45:56-07:00
Ayutoccuuc,1,Tidak membantu sama sekali,"Aplikasinya seperti tidak ada gunanya. Sudah upgrade tp tidak bisa kirim kode otp, dftar berkali kali ttp tidak bisa",4.11.2,2025-06-26T06:40:25-07:00
Melyana utami,5,Aplikasi good,Aplikasi sangat membantu bisa merubah faskes secara online,4.11.2,2025-06-26T06:20:14-07:00
strlght_,1,ga bisa verifikasi,ga jelas aplikasinya nyusahin minta verifikasi dari nomer ngga kekirim‚Äù udah beberapa hari coba ga bisa‚Äù ga guna,4.11.2,2025-06-26T06:17:07-07:00
Satriyo019,1,Pin salah teros!!!!,"Aplikasi aneh, pin salah trs padhal bener, udh direset pin udh dicatet bsok nya minta pin lagi pas dimasukin salah lagi minta reset pin lagi gilaa aja lo ngerjain orang! Dosa babii, digitalisasi bukanya mempermudah malah mempersulit !! 
Buang buang anggaran buat aplikasi ga jelas kek gini korup smua ajgg",4.11.2,2025-06-26T04:39:41-07:00
IcyTrades,1,Aplikasi Tolol,"Mau daftar aja loading mulu blokk, kasi gw aja yg buat aplikasi lebih bagus apalagi klo di dana in besar sama pemerintah, yg milih vendorr tolol bangett wee. aplikasi L",4.11.2,2025-06-26T00:39:49-07:00
kucing julid,1,Masalah Pergantian Faskes,"Ingin mengganti faskes, tapi tidak bisa karena harus ada verifikasi wajah, namun tidak ada permintaan izin akses kamera dari aplikasi jadi tidak bisa dirubah faskesnya, mohon diperbaiki",4.11.2,2025-06-25T17:11:12-07:00
Klinikjasmine,1,Tidak bisa untuk daftar,"Tidak mempermudah pasien daftar , sinyal bagus, aplikasi baru, sdh login logout malah lemot",4.11.2,2025-06-25T02:12:15-07:00
Putri Davina,5,Opsi Mobile JKn,"Sangat baik pelayanan bagus , cepat , dn ramah",4.11.2,2025-06-24T19:26:05-07:00
qujdjdhwu,1,nama,nama saya siapa disitu malah siapa,4.11.2,2025-06-24T11:35:04-07:00
Chef okta,1,tidak jelas,aplikasi busuk. mau perubahan lokasi faskes minta aktifkan camera. udah di aktifkan semua dan di izinkan juga gak bisa. coba kalo buat aplikasi yg mempermudah. ke banyaka update2 gak jelas bukannya bagus malah makin gak jelas,4.11.2,2025-06-24T03:42:33-07:00
Diah setyawati,5,JKN the best,Sangat membantu saya dlm semua nya dan lbh mudah menggunakannya,4.11.2,2025-06-24T02:31:24-07:00
tyywyat,1,aplikasi ga berguna,aplikasi ga becus,4.11.2,2025-06-24T01:10:03-07:00
holazizah,1,gabisa ganti faskes di app,mau ganti faskes harus pake biometrik tapi di setting apps ga ada buat allow camera??? bingung bgt,4.11.2,2025-06-23T23:53:55-07:00
Yuhuhuhyhhhyhg,1,Aplikasi sampah,"Kode verifikasi se abad baru masuk, seperti nya operator nya tidur di kantor",4.11.2,2025-06-23T22:04:53-07:00
zyyrreexx,1,apk gajelas,"bayangin aja udah mau daftar nunggu seharian se enak jidatnya aja bilang kalo verifikasi wajah salah, habis itu ada lagi verif kode nomor tapi ga masuk masuk ke pesan. mohon ya pantek tolong jangan dipersulit orang mau berobat ya binatang, satu prang mati dosanya kalian nanggung",4.11.2,2025-06-23T21:54:26-07:00
amry_jade08,1,Tidak bisa akses kamera,"Boro2 masuk, daftar aj kagak bisa, aplikasi bodoh, g bisa di iphone",4.11.2,2025-06-23T21:32:06-07:00
Abdan Syaifur,1,Aplikasi Sampah,Mau ganti nomor telepon aja ribet. Anehnya kok bisa akun saya pake nomor telepon orang lain?!,4.11.2,2025-06-23T20:25:06-07:00
Kocokk sjavaisvdianqowgsxvzia,1,Verifikasi,Susah kali daftar! Verifikasi nomor udh betul semua aku pke nomor ini di sini verifikasi ga ada sms sampe 12x gila. Bubarin aja lah apk nya ga niattttt!!!,4.11.2,2025-06-23T19:57:08-07:00
!baall.,1,Gagal daftar,Kode verifikasi tidak terkirim dan alhasil pendaftaran gagal,4.11.2,2025-06-23T16:45:18-07:00
Handrayanti,5,Komentar,Memudahkan,4.11.2,2025-06-23T07:19:05-07:00
Sholichu,1,Perlu di tingkatkan,"Susah untuk verifikasi face id & di suruh masukkan kode verifikasi lewat nomor hp malah tidak dapat, katanya sedang offline",4.11.2,2025-06-23T05:00:30-07:00
Bpjs Sehat,5,Kesehatan,Sangat membantu,4.11.2,2025-06-23T00:13:22-07:00
Anombagus,1,Aplikasi gajelas,Mempersusah,4.11.2,2025-06-22T20:50:01-07:00
Dhenjie,2,Perubahan data peserta,"Halo, ketika ingin ubah data peserta setelah simpan perubahan muncul halaman frista face recognition untuk merekam wajah. Namun setelah klik mulai dan dialihkan pada setting, tidak muncul untuk setting akses kamera nya.",4.11.2,2025-06-22T20:41:48-07:00
Khacili,5,Mobile JKN,Keren,4.11.2,2025-06-22T20:13:54-07:00
imaaazain,5,Bagusss,"Sangat membantu dalam mendapatkan pelayanan kesehatan,",4.11.2,2025-06-22T19:47:15-07:00
.chuxx,1,hadehhh,"parahhh kirim otp berapa kali pun ga masuk, pasien jadi tambah parah sakitnya kalau harus nunggu sistem kyk gini",4.11.2,2025-06-22T17:36:07-07:00
